אבי מילר,אבי מילר
אביתר בנאי,אביתר בנאי
א. פריד,אברהם פריד
אבריימל פריד,אברהם פריד
אברהם פריד,אברהם פריד
אברומי ויינברג,אברומי ויינברג
אבריימי רוט,אבריימי רוט
אברהמי רוט,אבריימי רוט
אברימי רוט,אבריימי רוט
אברמי רוט,אבריימי רוט
אהרל'ה סמט,אהרל'ה סמט
אהרל'ה סאמט,אהרל'ה סמט
אהרל'ה סאמעט,אהרל'ה סמט
אהרלה סאמעט,אהרל'ה סמט
אהרלה סמט,אהרל'ה סמט
אהרלה ויינטרוב,אהרל'ה וינטרוב
אהרל'ה ויינטרוב,אהרל'ה וינטרוב
אהרלה וינטרוב,אהרל'ה וינטרוב
אהרל'ה וינטרוב,אהרל'ה וינטרוב
אהרון רזאל,אהרן רזאל
אהרן רזאל,אהרן רזאל
אודי אולמן,אודי אולמן
אודי דוידי,אודי דוידי
אוהד מושקוביץ,אוהד מושקוביץ
אורי דוידי,אורי דוידי
אידיש נחת,אידיש נחת
אייזיק האניג,אייזיק האניג
איציק אשל,איציק אשל
איציק דדיה,איציק דדיה
אלי הרצליך,אלי הרצליך
אלי מרכוס,אלי מרכוס
אלי פרידמן,אלי פרידמן
אפרים מנדלסון,אפרים מנדלסון
ארי גולדוואג,ארי גולדוואג
ארי רייך,ארי רייך
ביני לנדאו,ביני לנדאו
בן ציון שנקר,בן ציון שנקר
בני פרידמן,בני פרידמן
בנצי שטיין,בנצי שטיין
בערי וועבר,בערי וועבר
ברוך לוין,ברוך לוין
ברוך נפתל,ברוך נפתל
ברוך שלום,ברוך שלום
גד אלבז,גד אלבז
דב הנדלר,דב הנדלר
דדי גראוכר,דדי גראוכר
דוד לואי,דוד לואי
דוד שמחה,דוד שמחה
דודו פישר,דודו פישר
דודי קאליש,דודי קאליש
דודי קנאפלער,דודי קנאפלער
האסק,האסק
הלל פלאי,הלל פלאי
המזמרים,המזמרים
המנגנים,המנגנים
הערשי וייס,הערשי וייס
זאנוויל ויינברגר,זאנוויל ויינברגר
חיים ישראל,חיים ישראל
חיים שלמה מאייעס,חיים שלמה מאייעס
חיליק פראנק,חיליק פראנק
חנן בן ארי,חנן בן ארי
יהודה גלאנץ,יהודה גלאנץ
יהודה גרין,יהודה גרין
יהודה דים,יהודה דים
יואלי גרינפלד,יואלי גרינפלד
יואלי דיקמן,יואלי דיקמן
יואלי פלקוביץ,יואלי פלקוביץ
יואלי קליין,יואלי קליין
יומי לואי,יומי לואי
יונגערליך,יונגערליך
יוני זיגלבוים,יוני זיגלבוים
יונתן רזאל,יונתן רזאל
יונתן שיינפלד,יונתן שיינפלד
יוסי גרין,יוסי גרין
יוסף חיים שוואקי,יוסף חיים שוואקי
יוסף משה כהנא,יוסף משה כהנא
יוסף קרדונר,יוסף קרדונר
יידל ורדיגר,יידל ורדיגר
יעקב שוואקי,יעקב שוואקי
ישי לפידות,ישי לפידות
ישי ריבו,ישי ריבו
ישיבה בויס,ישיבה בויס
ישראל אדלר,ישראל אדלר
ישראל דגן,ישראל דגן
ישראל ויליגר,ישראל ויליגר
ישראל ורדיגר,ישראל ורדיגר
לוי כהן,לוי כהן
לוי פלקוביץ,לוי פלקוביץ
ליפא שמעלצר,ליפא שמעלצר
מאיר אדלר,מאיר אדלר
מוטי שטיינמץ,מוטי שטיינמץ
מונה רוזנבלום,מונה רוזנבלום
מידד טסה,מידד טסה
מיילך קהאן,מיילך קהאן
מיכאל פרוזנסקי,מיכאל פרוזנסקי
מיכאל שטרייכר,מיכאל שטרייכר
מיכה גמרמן,מיכה גמרמן
מקהלת מלכות,מקהלת מלכות
מנדי ג'רופי,מנדי ג'רופי
מנדי וייס,מנדי וייס
מבד,מרדכי בן דוד
מרדכי בן דוד,מרדכי בן דוד
מרדכי שפירא,מרדכי שפירא
משה לאופר,משה לאופר
משה פלד,משה פלד
משולם גרינברגר,משולם גרינברגר
נתנאל מנת,נתנאל מנת
נפתלי קמפה,נפתלי קמפה
עדי רן,עדי רן
עוזיה צדוק,עוזיה צדוק
עמירן דביר,עמירן דביר
עמית ליסטונד,עמית ליסטוונד
עמית ליסטוונד,עמית ליסטוונד
פיני איינהורן,פיני אינהורן
פיני אינהורן,פיני אינהורן
פרחי ירושלים,פרחי ירושלים
פרחי מיאמי,פרחי מיאמי
צבי זילברשטיין,צבי זילברשטיין
צליל וזמר,צליל וזמר
צמד ילד,צמד ילד
קובי ברומר,קובי ברומר
קובי גרינבוים,קובי גרינבוים
קומזינג,קומזינג
הקינדרלעך,הקינדרלעך
רולי דיקמן,רולי דיקמן
שולי רנד,שולי רנד
שלהבת,שלהבת
שלוימי דסקל,שלוימי דסקל
שלום לעמער,שלום לעמער
שלוימי טויסיג,שלוימי טויסיג
שלמה יהודה רכניץ,שלמה יהודה רכניץ
שלמה כהן,שלמה כהן
שלמה קרליבך,שלמה קרליבך
שלמה שמחה,שלמה שמחה
שלשלת,שלשלת
שמואל גרינמן,שמואל גרינמן
שמחה ליינר,שמחה ליינר
שמחה פרידמן,שמחה פרידמן
שמחת החיים,שמחת החיים
שמילי אונגר,שמילי אונגר
שמעי אנגל,שמעי אנגל
שרגי גשטטנר,שרגי גשטטנר
משה קליין,משה קליין
דוד בן ארזה,דוד בן ארזה
אודי דמארי,אודי דמארי
אבישי אשל,אבישי אשל
אברהם מרדכי שוורץ,אברהם מרדכי שוורץ
אבי קראוס,אבי קראוס
יונתן שינפלד,יונתן שיינפלד
יונתן שיינפלד,יונתן שיינפלד
שלוימי גרטנר,שלוימי גרטנר
שלומי גרטנר,שלוימי גרטנר
ארי היל,ארי היל
אבריימי רוט,אבריימי רוט
איציק ויינגרטן,איציק ויינגרטן
אבי אילסון,אבי אילסון
שמילי אונגר,שמילי אונגר
זאנוויל ויינברגר,זאנוויל ויינברגר
שוקי סלומון,שוקי סלומון
דודי קנופלר,דודי קנופלר
הראל טל,הראל טל
דובי מיזלס,דובי מייזלס
דובי מייזלס,דובי מייזלס
ניסים בלאק,ניסים בלאק
עקיבא געלב,עקיבא געלב
מוטי וייס,מוטי וייס
שלוימי טויסיג,שלוימי טויסיג
אמני ישראל,אמני ישראל
נחמן גולדברג,נחמן גולדברג
עמרם גרין,עמרם גרין
בן ציון קלצקו,בן ציון קלצקו
גבי אהרון,גבי אהרון
אביגדור רוט,אביגדור רוט
אבי בן ישראל,אבי בן ישראל
אלי סלומון,אלי סלומון
אלישע קלצקו,אלישע קלצקו
בנציון ווברמן,בנציון ווברמן
דוד שפירא,דוד שפירא
זאבי הופמן,זאבי הופמן
יעקב שטיינרמן,יעקב שטיינרמן
מענדל ראטה,מענדל ראטה
ראובן יזדיאן,ראובן יזדיאן
שלום ברנהולץ,שלום ברנהולץ
שלומי ברנשטיין,שלומי ברנשטיין
שלמה רגה,שלמה רגה
שמעון טובול,שמעון טובול
אליהו לייפער,אליהו לייפער
איתמר שטיין,איתמר שטיין
ארי בולזנשטיין,ארי בולזנשטיין
בני לאופר,בני לאופר
שלומי וילמן,שלומי וילמן
ירון בר,ירון בר
גיל ישראלוב,גיל ישראלוב
דוד חזיזה,דוד חזיזה
דוד חפצדי,דוד חפצדי
דני פלגון,דני פלגון
יוני זיגמונד,יוני זיגמונד
חיים שלמה מייעס,חיים שלמה מייעס
יהודה שמעה,יהודה שמעה
ישראל גברא,ישראל גברא
נתי לוי,נתי לוי
עמיר בניון,עמיר בניון
מוטי אילוויטש,מוטי אילוביץ
מוטי אילאוויטש,מוטי אילוביץ
מאטי אילוויטש,מוטי אילוביץ
מוטי אילוביץ,מוטי אילוביץ
מוטי אילוביץ',מוטי אילוביץ
מאיר מסוארי,מאיר מסוארי
דן אביחי,דן אביחי
שימי שפיץ,שימי שפיץ
שמואל יצחקי,שמואל יצחקי
שמואל אלהרר,שמואל אלהרר
יואל אלהרר,יואל אלהרר
יוסף נטיב,יוסף נטיב
שלוימי טויסיג,שלוימי טויסיג
גיל עקיביוב,גיל עקיביוב
דוידי נחשון,דוידי נחשון
צבי גרינהיים,צבי גרינהיים
דוד שאבי,דוד שאבי
איציק אורלב,איציק אורלב
אלעד שער,אלעד שער
אפרים מרקוביץ,אפרים מרקוביץ
יאיר אלייצור,יאיר אליצור
יאיר אליצור,יאיר אליצור
בנצי קלצקין,בנצי קלצקין
אליהו חייט,אליהו חייט
אריה קונסטלר,אריה קונסטלר
חיים שלמה מייעס,חיים שלמה מייעס
מוטי אטיאס,מוטי אטיאס
מוטי ויזל,מוטי ויזל
דודי פלדמן,דודי פלדמן
מוישי שוורץ,מוישי שוורץ
מיקי שפיצר,מיקי שפיצר
משה לוק,משה לוק
ראובן גרבר,ראובן גרבר
שרולי גרין,שרולי גרין
משה דוויק,משה דוויק
יוסף חיים ביטון,יוסף חיים ביטון
גרשי אורי,גרשי אורי
רפאל סקורי,רפאל סקורי
אבי קלצקו,אבי קלצקו
אייל אביב,אייל אביב
אליעד ספיר,אליעד ספיר
גיא קהלני,גיא קהלני
משה דדון,משה דדון
הרשי רוטנברג,הרשי רוטנברג
זלמן שטוב,זלמן שטוב
יוני שלמה,יוני שלמה
ישראל גרופי,ישראל גרופי
עובדיה חממה,עובדיה חממה
שימי שטיינמעץ,שימי שטיינמעץ
שלומי שבת,שלומי שבת
מוטי רוזנפלד,מוטי רוזנפלד
אהרן קליין,אהרן קליין
אלעזר אסתרזון,אלעזר אסתרזון
יואל בריזל,יואל בריזל
אחיה הכהן,אחיה הכהן
נחמן לייפר,נחמן לייפר
מנחם אירנשטיין,מנחם אירנשטיין
אלי קליין,אלי קליין
שמואל הררי,שמואל הררי
שמילי שטיינבערג,שמילי שטיינבערג
מוישי פריינד,מוישי פריינד
יוני זיגמונד,יוני זיגמונד
יגל הרוש,יגל הרוש
חיים גנץ,חיים גנץ
אסף שפר,אסף שפר
אריה קרלניסקי,אריה קרלניסקי
איתן כץ,איתן כץ
מאיר ריבקין,מאיר ריבקין
מאיר קליינר,מאיר קליינר
אברהם דוד ורצברגר,אברהם דוד ורצברגר
אבי לרנר,אבי לרנר
חיים ישכיל,חיים ישכיל
שירת ההמונים,שירת המונים
קולולם,שירת המונים
שירת המונים,שירת המונים
קולעוילם,שירת המונים
ישיבשיר,שירת המונים
יוסי גלנץ,יוסי גלנץ
מוישי ולדמן,מוישי ולדמן
עומר ביטון,עומר ביטון
רפאל מלול,רפאל מלול
שמואל הוניג,שמואל הוניג
מוטי אילוויטש,מוטי אילוויטש
נח פלאי,נח פלאי
מוטי אלטמן,מוטי אלטמן
מנדי גרופי,מנדי גרופי
אריה קרלניסקי,אריה קרלניסקי
מוישי פריינד,מוישי פריינד
אסף הרוש,אסף הרוש
דניאל דהאן,דניאל דהאן
מכביטס,מכביטס
שימי לפשיץ,שימי לפשיץ
עודד מנשרי,עודד מנשרי
יהושע לימוני,יהושע לימוני
מוטי כהן,מוטי כהן
חיים נחמן,חיים נחמן
יוחנן אורי,יוחנן אורי
שמוליק קליין,שמוליק קליין
אייל טוויטו,אייל טוויטו
איציק שוורץ,איציק שוורץ
חיים מרדכי אקשטיין,חיים מרדכי אקשטיין
נהוראי אריאלי,נהוראי אריאלי
עופר שמיר,עופר שמיר
עקיבא שכטר,עקיבא שכטר
אריאל רייכל,אריאל רייכל
מנחם שוקרון,מנחם שוקרון
עדי גביסון,עדי גביסון
נתנאל ישראל,נתנאל ישראל
פינקי וובער,פינקי וובער
ארי ברמן,ארי ברמן
אליקים בוטה,אליקים בוטה
דודי פרימשן,דודי פרימשן
שלוימי קצנלבוגן,שלוימי קצנלבוגן
שמואל יונה,שמואל יונה
מיכאל שניצלר,מיכאל שניצלר
מיכאל אזולאי,מיכאל אזולאי
נמואל הרוש,נמואל הרוש
ברק כהן,ברק כהן
עמנואל שולמן,עמנואל שולמן
שלוימי בוקשפן,שלוימי בוקשפן
פייבל גרינבערג,פייבל גרינבערג
שרוליק רוזנטל,שרוליק רוזנטל
שלמה כץ,שלמה כץ
שרוליק רייזמן,שרוליק רייזמן
יצחק מאיר,יצחק מאיר
נועם רמתי,נועם רמתי
יחיאל ליכטיגר,יחיאל ליכטיגר
פרוייקט קפיצת הדרך,פרויקט קפיצת הדרך
קפיצת הדרך,פרויקט קפיצת הדרך
פרויקט קפיצת הדרך,פרויקט קפיצת הדרך
נח פלאי,נח פלאי
ווקאלי,ווקאלי
מקהלת משאלות,מקהלת משאלות
פרחי משאלות,מקהלת משאלות
להקת משאלות,מקהלת משאלות
