מחרוזת,סיווג אמיתי,סיווג חזוי
-גולדוואג,ARTIST,RANDOM
01.נצח ישראל,ARTIST,SONG
01.קבלת פנים,ARTIST,SONG
03.אנחנו ניסים,ARTIST,SONG
03.אשרי חלקם,ARTIST,SONG
04.איל כהן,ARTIST,SONG
04סיאיז דאך,ARTIST,RANDOM
05.קבלת פנים,ARTIST,SONG
06.הזמן שלך,ARTIST,SONG
06.ניגון קארלין,ARTIST,SONG
06.פנה לעלבון,ARTIST,SONG
06שומר ישראל,ARTIST,ARTIST
07.נפשנו חכתה,ARTIST,SONG
08.ניגון שמחה,ARTIST,SONG
09חדש ששוני,ARTIST,RANDOM
10.גואיף אספניול,ARTIST,SONG
11.ויהו נועם,ARTIST,SONG
11ואני בחסדך,ARTIST,SONG
15רוח סתיו,ARTIST,ARTIST
16.חתונת דושינסקיא,ARTIST,SONG
16.עקיבא תורג מן,ARTIST,SONG
20.ניגון בויאן,ARTIST,SONG
21שמע ישראל,ARTIST,ARTIST
23ישראל ישראל,ARTIST,ARTIST
23קריץ מחומר,ARTIST,RANDOM
24חיים שתהא,ARTIST,RANDOM
27.גראמען דושינסקיא,ARTIST,SONG
2A200000 סימפוזיון,ARTIST,RANDOM
35.גראמען דושינסקיא,ARTIST,SONG
44אני מאמין,ARTIST,SONG
50אני מאמין,ARTIST,SONG
7.כה אמר,ARTIST,RANDOM
8A160100 עמרם,ARTIST,ARTIST
SOUND נועם,ARTIST,ARTIST
Z) זיגלבוים,ARTIST,ARTIST
_גנב,ARTIST,RANDOM
ad heinu,ARTIST,RANDOM
aka pella,ARTIST,SONG
guru josh,ARTIST,RANDOM
heneni heani,ARTIST,RANDOM
i. grave,ARTIST,RANDOM
just do it,ARTIST,SONG
ko keili,ARTIST,RANDOM
lavan garti,ARTIST,RANDOM
love you,ARTIST,RANDOM
ma nehedar,ARTIST,SONG
orech yumim,ARTIST,RANDOM
purim breslev,ARTIST,RANDOM
shma koleinu,ARTIST,RANDOM
ton pere,ARTIST,RANDOM
toras hashem,ARTIST,SONG
£ ¬,ARTIST,RANDOM
¬ ¬,ARTIST,RANDOM
¬ ס  נ,ARTIST,RANDOM
¬ ס ק,ARTIST,RANDOM
¬ פ ש,ARTIST,RANDOM
¬ ץ,ARTIST,RANDOM
¬ ק,ARTIST,RANDOM
¬ ק ש ש,ARTIST,RANDOM
¬ ש,ARTIST,RANDOM
îìê îìëé,ARTIST,RANDOM
אַיֶכָּה יצירת,ARTIST,RANDOM
אבא גבר,ARTIST,RANDOM
אבא שבשמיים,ARTIST,RANDOM
אבא שכזה,ARTIST,RANDOM
אבא שלום,ARTIST,SONG
אבדו גוים,ARTIST,RANDOM
אבדע פי מן,ARTIST,RANDOM
אבו מאזן,ARTIST,ARTIST
אבטח אבי,ARTIST,ARTIST
אבטח בך,ARTIST,SONG
אבי אבי,ARTIST,ARTIST
אבי אנא,ARTIST,SONG
אבי בוזגלו,ARTIST,ARTIST
אבי בללי,ARTIST,ARTIST
אבי ההחתן,ARTIST,ARTIST
אבי החתן,ARTIST,ARTIST
אבי הטוב,ARTIST,ARTIST
אבי השקף,ARTIST,ARTIST
אבי ומלכי,ARTIST,ARTIST
אבי יתומים,ARTIST,ARTIST
אבי לדודי,ARTIST,ARTIST
אבי מזרחי,ARTIST,ARTIST
אבי מלעבט,ARTIST,ARTIST
אבי משמיא,ARTIST,ARTIST
אבי נתן,ARTIST,ARTIST
אביב אלדמע,ARTIST,ARTIST
אביה שר,ARTIST,ARTIST
אבינותן שלום,ARTIST,ARTIST
אביעד ובניה,ARTIST,ARTIST
אביעד מרים,ARTIST,ARTIST
אביעד משחרר,ARTIST,ARTIST
אביעד',ARTIST,ARTIST
אביר יעקב,ARTIST,ARTIST
אבירם ושמואל,ARTIST,ARTIST
אבישי יוצא,ARTIST,ARTIST
אבישי נאמן,ARTIST,ARTIST
אבישי עובדיה,ARTIST,ARTIST
אבן נייר,ARTIST,RANDOM
אבן עזרא,ARTIST,ARTIST
אבן תיבון,ARTIST,ARTIST
אבנל שמח,ARTIST,ALBUM
אבנר מוריה,ARTIST,ARTIST
אברא כאדברא,ARTIST,RANDOM
אברבנאל א,ARTIST,ARTIST
אברהם אמר,ARTIST,RANDOM
אברהם יגל,ARTIST,ARTIST
אברהם יגל06,ARTIST,ARTIST
אברהם יהושע,ARTIST,ARTIST
אברהם מ. שווארץ,ARTIST,ARTIST
אברהם עפולה,ARTIST,ARTIST
אברהם רוזנבלום,ARTIST,ARTIST
אברהם-פריד,ARTIST,SONG
אברהם_פריד,ARTIST,RANDOM
אברהמלע מלמד,ARTIST,ARTIST
אברום לייב בורשטיין,ARTIST,ARTIST
אברומי -,ARTIST,ARTIST
אברומי-סאמעט,ARTIST,ARTIST
אברימי קוקוריקו,ARTIST,ARTIST
אברימי קרלינסקי,ARTIST,ARTIST
אברימי-רוט,ARTIST,ARTIST
אברם פריד,ARTIST,SONG
אברמל'ה מלמד,ARTIST,ARTIST
אגדה ירושלמית,ARTIST,RANDOM
אגדה ישן,ARTIST,RANDOM
אגודת זימרה,ARTIST,RANDOM
אגוז ירדתי,ARTIST,RANDOM
אדו רקאנטי,ARTIST,RANDOM
אדובב תפילה,ARTIST,ALBUM
אדולף קטלה,ARTIST,ARTIST
אדומי הראש,ARTIST,RANDOM
אדון אשר,ARTIST,ARTIST
אדון חולי,ARTIST,SONG
אדון שקלים,ARTIST,RANDOM
אדיר איום,ARTIST,ARTIST
אדיר במרומים,ARTIST,ARTIST
אדיר כבודו,ARTIST,SONG
אדיר מלכא,ARTIST,ARTIST
אדיר שמך,ARTIST,ARTIST
אדירי איומה,ARTIST,RANDOM
אדירי אימה,ARTIST,RANDOM
אדם אחר,ARTIST,RANDOM
אדם בודד,ARTIST,RANDOM
אדם המושב,ARTIST,RANDOM
אדם הראשון,ARTIST,RANDOM
אדם הראשון'ס,ARTIST,RANDOM
אדם חופשי,ARTIST,RANDOM
אדם יסודו,ARTIST,RANDOM
אדם לבדו,ARTIST,RANDOM
אדם נולד,ARTIST,RANDOM
אדם נזרק,ARTIST,RANDOM
אדם עוז,ARTIST,ARTIST
אדם צילצול,ARTIST,RANDOM
אדם צריך,ARTIST,RANDOM
אדם שבע,ARTIST,RANDOM
אדם שירה,ARTIST,ARTIST
אדמת קודש,ARTIST,RANDOM
אדר מירום,ARTIST,ARTIST
אדר עז,ARTIST,ARTIST
אדר עח,ARTIST,ARTIST
אדרת מציגה,ARTIST,RANDOM
אה יאי,ARTIST,RANDOM
אהבה סודית,ARTIST,ALBUM
אהבה שלומי,ARTIST,ARTIST
אהבת צפורה,ARTIST,SONG
אהה...ה,ARTIST,RANDOM
אהוב ליבי,ARTIST,ALBUM
אהובת לבבי,ARTIST,ARTIST
אהין זאל,ARTIST,RANDOM
אהל יוסף,ARTIST,ARTIST
אהל מועד,ARTIST,RANDOM
אהלל אמלל,ARTIST,RANDOM
אהר לע סאמט,ARTIST,ARTIST
אהר_לה סאמעט,ARTIST,ARTIST
אהרהם פריד,ARTIST,SONG
אהרון אהרון,ARTIST,ARTIST
אהרון חריטונוב,ARTIST,ARTIST
אהרון סמט,ARTIST,ARTIST
אהרלה סמאט,ARTIST,ARTIST
אהרלע סמאט,ARTIST,ARTIST
אהרן מסטראשעלע,ARTIST,ARTIST
אהרן שליט,ARTIST,ARTIST
אהרן-רזאל,ARTIST,SONG
אהרן_רזאל,ARTIST,RANDOM
אודה ויזניץ,ARTIST,ALBUM
אודה לאל,ARTIST,ARTIST
אודה לאלי,ARTIST,ALBUM
אודי אוסטר,ARTIST,ARTIST
אוהד ויחון,ARTIST,ARTIST
אוהד ושיינפלד,ARTIST,ARTIST
אוהד מכבי,ARTIST,ARTIST
אוהד תשובה,ARTIST,ARTIST
אוהו איאיאי,ARTIST,RANDOM
אוהל יוסף,ARTIST,ARTIST
אוהליך יעקב,ARTIST,ARTIST
אוזר ישראל,ARTIST,ARTIST
אוחיל יום,ARTIST,RANDOM
אויבי הכני,ARTIST,RANDOM
אויו אוי,ARTIST,RANDOM
אויפ פראבע,ARTIST,RANDOM
אויפן וועג,ARTIST,RANDOM
אויפן פרייפעציק,ARTIST,RANDOM
אויפן פריפיצ'יק,ARTIST,ARTIST
אויפן פריפעטשיק,ARTIST,RANDOM
אויפן פריפעציק,ARTIST,RANDOM
אויפן פריפצ'יק,ARTIST,ARTIST
אויפן פריפציק,ARTIST,RANDOM
אוכל חמין,ARTIST,RANDOM
אולימפיאדה ביוון,ARTIST,RANDOM
אולפני בודקה,ARTIST,RANDOM
אומץ גבורותיך,ARTIST,RANDOM
און אלעמאל,ARTIST,ARTIST
און ביעקב,ARTIST,ARTIST
און בעטן,ARTIST,ARTIST
און געבינדען,ARTIST,ARTIST
און דאַווענען,ARTIST,ARTIST
און זעט,ARTIST,ARTIST
און ליין,ARTIST,ARTIST
און נחת,ARTIST,ARTIST
און פולין,ARTIST,ARTIST
און רעגן,ARTIST,ARTIST
און שעפסל,ARTIST,ARTIST
אונטרן חופה,ARTIST,RANDOM
אוסרי לגפן,ARTIST,RANDOM
אוף אוריגין,ARTIST,ARTIST
אוף פורים,ARTIST,SONG
אופטי גופטי,ARTIST,RANDOM
אופטיקה הלפרין,ARTIST,ARTIST
אופטלגין לגמלים,ARTIST,RANDOM
אופל אלמנה,ARTIST,RANDOM
אופנוע חולף,ARTIST,RANDOM
אופניים בבמבה,ARTIST,RANDOM
אופניים חשמליים,ARTIST,RANDOM
אופסייד סטורי,ARTIST,RANDOM
אוקי טוקי,ARTIST,RANDOM
אור אדום,ARTIST,ARTIST
אור באפלה,ARTIST,ALBUM
אור בחדר,ARTIST,ARTIST
אור בחושך,ARTIST,ALBUM
אור בליבי,ARTIST,ALBUM
אור בצל,ARTIST,ALBUM
אור בקצה,ARTIST,ALBUM
אור גדול,ARTIST,RANDOM
אור גנוז,ARTIST,ARTIST
אור דודי,ARTIST,ARTIST
אור האל,ARTIST,ARTIST
אור הארות,ARTIST,ARTIST
אור הגאולה,ARTIST,ALBUM
אור היזמת,ARTIST,ARTIST
אור הנר,ARTIST,SONG
אור וירושלים,ARTIST,ARTIST
אור זרוע,ARTIST,ARTIST
אור חדש,ARTIST,ALBUM
אור חיים,ARTIST,ARTIST
אור יהודה,ARTIST,ARTIST
אור יהושע,ARTIST,ARTIST
אור כשלמה,ARTIST,ARTIST
אור מזמרים,ARTIST,ARTIST
אור פניך,ARTIST,SONG
אור קדוש,ARTIST,ARTIST
אור שמואל,ARTIST,ARTIST
אורגינל מדליי,ARTIST,RANDOM
אורגן לתלמיד,ARTIST,RANDOM
אורה כרמיאל,ARTIST,ARTIST
אורות נוצצים,ARTIST,ALBUM
אורח פורח,ARTIST,RANDOM
אורח שכנזי,ARTIST,RANDOM
אוריאל גם,ARTIST,RANDOM
אוריאל שלומי,ARTIST,ARTIST
אורייתא פתיח,ARTIST,RANDOM
אורית וולף,ARTIST,ARTIST
אורך מתוק,ARTIST,RANDOM
אורן עזר,ARTIST,ARTIST
אורצ'ה צ'ורניה,ARTIST,RANDOM
אות פילהרמורנה,ARTIST,RANDOM
אותי ארצי,ARTIST,RANDOM
אותך אבקש,ARTIST,RANDOM
אותם באויר,ARTIST,RANDOM
אזי בשלישי,ARTIST,RANDOM
אזכרה אלקים,ARTIST,ALBUM
אזכרה חטאי,ARTIST,SONG
אזכרה נגינתי,ARTIST,ALBUM
אזכרה שמך,ARTIST,SONG
אזמין אושפיזין,ARTIST,RANDOM
אזמיר בשבחין,ARTIST,SONG
אזעקה קצרה,ARTIST,RANDOM
אזעקות חירום,ARTIST,RANDOM
אזעקת גניבה,ARTIST,RANDOM
אזעקת משטרה,ARTIST,RANDOM
אחד בדור,ARTIST,RANDOM
אחד מהם,ARTIST,RANDOM
אחד קורנפלד,ARTIST,RANDOM
אחדות לאומית,ARTIST,ARTIST
אחדות ראפי,ARTIST,ARTIST
אחיי גיבורי,ARTIST,RANDOM
אחיי ורעיי,ARTIST,RANDOM
אחיי מאתיופיה,ARTIST,RANDOM
אחלה מן,ARTIST,RANDOM
אחמד טיבי,ARTIST,ARTIST
אחרון חביב,ARTIST,ARTIST
אחרון שהשאירה,ARTIST,ALBUM
איבערן וואסער,ARTIST,RANDOM
אידילע שריי,ARTIST,RANDOM
אידילעך אינאיינעם,ARTIST,RANDOM
אידיש שניצלער,ARTIST,ARTIST
אידן אונאיינם,ARTIST,ARTIST
אידן אינאיינם,ARTIST,ARTIST
אידן אינאיינעם,ARTIST,ARTIST
אידן לחיים,ARTIST,SONG
אידשא מאמא,ARTIST,RANDOM
איז שיין,ARTIST,ARTIST
איזהו חכם,ARTIST,RANDOM
איזהו מכובד,ARTIST,RANDOM
איזהו עשיר,ARTIST,RANDOM
איזו חתונה,ARTIST,ALBUM
איחדך באחד,ARTIST,RANDOM
איי איי,ARTIST,RANDOM
אייבערשטער מעדלי,ARTIST,RANDOM
אייזיק פיש,ARTIST,ARTIST
אייזיק שמעלקע,ARTIST,ARTIST
אייזנבאך גראמן,ARTIST,ARTIST
אייל וילנר,ARTIST,ARTIST
איילון דרום,ARTIST,ARTIST
איילת השחר,ARTIST,RANDOM
איילת חן,ARTIST,ARTIST
איין טאג,ARTIST,RANDOM
איינהורן אברהם,ARTIST,ARTIST
איינזאמער פריינד,ARTIST,ARTIST
איל ארסה,ARTIST,ARTIST
אילו דברים,ARTIST,RANDOM
אילו הוציאנו,ARTIST,SONG
אילו היה,ARTIST,RANDOM
אילו יהודי,ARTIST,ALBUM
אילו ישראל,ARTIST,ARTIST
אילו פינו,ARTIST,SONG
אילך וואלץ,ARTIST,RANDOM
אילן - סאטמאר,ARTIST,ARTIST
אילן אילן,ARTIST,SONG
אילן שליו,ARTIST,ARTIST
אילנגה לפישה,ARTIST,RANDOM
אילתרו יחד,ARTIST,ALBUM
אימוץ לרפואה,ARTIST,RANDOM
אינאיינעס לאמיר,ARTIST,RANDOM
אינגער רבי,ARTIST,RANDOM
אינטה עומרי,ARTIST,ARTIST
אינטלגנציה רגשית,ARTIST,RANDOM
אינטליגנציה לשונית,ARTIST,RANDOM
אינטליגנציה רגשית,ARTIST,RANDOM
אינטערן בריק,ARTIST,RANDOM
אינטערן חופה,ARTIST,RANDOM
איני דר,ARTIST,RANDOM
איני יודע,ARTIST,RANDOM
אינם עוזרים,ARTIST,RANDOM
אינסטרמנטל מדלי,ARTIST,RANDOM
אינשאללה שוואקי,ARTIST,SONG
איפה אנחנו,ARTIST,RANDOM
איפה הם,ARTIST,RANDOM
איפה ניגנתי,ARTIST,RANDOM
איצטער דא,ARTIST,RANDOM
איצי בודנר,ARTIST,ARTIST
איציק ארזי,ARTIST,ARTIST
איציק ברגר,ARTIST,ARTIST
איציק-אורלב,ARTIST,ARTIST
איצל פיצל,ARTIST,ARTIST
אישי הציבור,ARTIST,RANDOM
איתיאל בסינגל,ARTIST,ARTIST
איתיאל משחרר,ARTIST,ARTIST
איתם חברותת,ARTIST,ARTIST
איתן לויט,ARTIST,ARTIST
איתנא פה,ARTIST,RANDOM
אכט געבן,ARTIST,RANDOM
אל אייל,ARTIST,ARTIST
אל אליהו,ARTIST,RANDOM
אל אקוריינה,ARTIST,RANDOM
אל בעוני,ARTIST,RANDOM
אל ג'ולסון,ARTIST,RANDOM
אל גול,ARTIST,RANDOM
אל דאגה,ARTIST,RANDOM
אל הרינה,ARTIST,RANDOM
אל חי וקיים,ARTIST,RANDOM
אל יבושו,ARTIST,RANDOM
אל יתהלל,ARTIST,RANDOM
אל נבקש,ARTIST,RANDOM
אל נורא,ARTIST,RANDOM
אל קורדובז,ARTIST,RANDOM
אלבומים חדשה,ARTIST,RANDOM
אלה אזכרה,ARTIST,SONG
אלה ברכב,ARTIST,RANDOM
אלה דברים,ARTIST,RANDOM
אלה היו,ARTIST,RANDOM
אלה חמדה,ARTIST,SONG
אלה מועדי,ARTIST,RANDOM
אלוהי אבי,ARTIST,ARTIST
אלוהי שבמרום,ARTIST,RANDOM
אלוהים אשאלה,ARTIST,RANDOM
אלוהים חי,ARTIST,ALBUM
אלוירה מאדיגן,ARTIST,RANDOM
אלוף השחמט,ARTIST,RANDOM
אלוקיכם אמת,ARTIST,SONG
אלחי -,ARTIST,ARTIST
אלטא ניגונים,ARTIST,ALBUM
אלטע זאכען,ARTIST,RANDOM
אלי אגישה,ARTIST,ARTIST
אלי אלי,ARTIST,ARTIST
אלי אתה,ARTIST,SONG
אלי בא,ARTIST,ARTIST
אלי בפרחים,ARTIST,ARTIST
אלי גרסנר01,ARTIST,ARTIST
אלי גרסנר03,ARTIST,ARTIST
אלי גרסנר05,ARTIST,ARTIST
אלי גרסנר08,ARTIST,ARTIST
אלי גרסנר09,ARTIST,ARTIST
אלי גרסנר10,ARTIST,ARTIST
אלי הטוב,ARTIST,SONG
אלי וויס,ARTIST,ARTIST
אלי חביבי,ARTIST,ARTIST
אלי חיש,ARTIST,ARTIST
אלי חיש גואלי,ARTIST,ARTIST
אלי יחיד,ARTIST,ARTIST
אלי ישעי,ARTIST,ARTIST
אלי מסורתי,ARTIST,ARTIST
אלי סלמון,ARTIST,ARTIST
אלי עמך,ARTIST,ARTIST
אלי עמלי,ARTIST,ARTIST
אלי ענני,ARTIST,ARTIST
אלי רייפמן,ARTIST,ARTIST
אלי רינגטון,ARTIST,ARTIST
אלי שבשמיים,ARTIST,ARTIST
אלי שבשמים,ARTIST,ARTIST
אלי שוב,ARTIST,ARTIST
אלי שטערן,ARTIST,ARTIST
אלי שלום,ARTIST,ARTIST
אלי תשוקתי,ARTIST,ARTIST
אליאב מיוזיק,ARTIST,ARTIST
אליהו הנביא,ARTIST,RANDOM
אליהו חי,ARTIST,ARTIST
אליהו יבנה,ARTIST,ARTIST
אליהו,ARTIST,ARTIST
אליהן חי,ARTIST,ALBUM
אליו השי,ARTIST,RANDOM
אליזר חזן,ARTIST,ARTIST
אליזרבט ריד,ARTIST,RANDOM
אליי מתניה,ARTIST,ARTIST
אליך לב,ARTIST,ALBUM
אליל אהים,ARTIST,RANDOM
אליעד - אור,ARTIST,ARTIST
אליעד - אל תגלי,ARTIST,ARTIST
אליעד השקט שלך,ARTIST,RANDOM
אליעזר לזר,ARTIST,ARTIST
אליעזר שקד,ARTIST,ARTIST
אליעזר...,ARTIST,ARTIST
אליעזר_שוובר,ARTIST,RANDOM
אלישיב בנימין,ARTIST,ARTIST
אלישע זכאי,ARTIST,ARTIST
אלכסנדר ארה''ב,ARTIST,ARTIST
אלכסנדר סירוטה,ARTIST,ARTIST
אלכסנדר קומט,ARTIST,ARTIST
אלכסנדר קיפניס,ARTIST,ARTIST
אלמה לה פס,ARTIST,RANDOM
אלמר מקארדי,ARTIST,RANDOM
אלעד חולה,ARTIST,ARTIST
אלעד לאלפי,ARTIST,ARTIST
אלעס פארלארן,ARTIST,RANDOM
אלפי זהב,ARTIST,ALBUM
אלפי ילדים,ARTIST,RANDOM
אלקים יסעדנו,ARTIST,ARTIST
אלקים נתן,ARTIST,ARTIST
אלתר במלוה,ARTIST,ARTIST
אלתר מומלץ,ARTIST,ARTIST
אם אמרתי,ARTIST,RANDOM
אם אן,ARTIST,RANDOM
אם יתמהמה,ARTIST,RANDOM
אםי מאמין,ARTIST,SONG
אמונה גדולה,ARTIST,RANDOM
אמונה שבלב,ARTIST,ALBUM
אמור אמור,ARTIST,RANDOM
אמור ליוסף הבכור,ARTIST,RANDOM
אמור מעט,ARTIST,RANDOM
אמורי סלם,ARTIST,ARTIST
אמיר שבט,ARTIST,ARTIST
אמיתי קאתי,ARTIST,RANDOM
אמלין פנקהרסט,ARTIST,RANDOM
אמעריטשקע א,ARTIST,RANDOM
אמץ קהלך,ARTIST,RANDOM
אמצו לבכם,ARTIST,ARTIST
אמרי אש,ARTIST,ARTIST
אמרי גלאי,ARTIST,ARTIST
אמרי דעת,ARTIST,ARTIST
אמרי האזינה,ARTIST,ARTIST
אמרי חיים,ARTIST,ARTIST
אמרי משה,ARTIST,ARTIST
אמרי נועם,ARTIST,ARTIST
אמרי נעם,ARTIST,ARTIST
אמרי שאול,ARTIST,ARTIST
אמת בליבי,ARTIST,ALBUM
אמת טעיתי,ARTIST,RANDOM
אמת מלכנו,ARTIST,SONG
אן דארק,ARTIST,ARTIST
אן דודי,ARTIST,ARTIST
אן דעתי,ARTIST,ARTIST
אנא עבדה,ARTIST,SONG
אנה אילך,ARTIST,ARTIST
אנה אלך,ARTIST,SONG
אנה אפנה,ARTIST,ARTIST
אנה בכח,ARTIST,ARTIST
אנה דלווי,ARTIST,ARTIST
אנה פרנק,ARTIST,ARTIST
אנו בניך,ARTIST,RANDOM
אנו עמך,ARTIST,RANDOM
אנו רצים,ARTIST,RANDOM
אנו שירו,ARTIST,ALBUM
אנחנו יחד,ARTIST,ALBUM
אנחנו נעלה,ARTIST,RANDOM
אנחנו נתגבר,ARTIST,RANDOM
אנחנו עולמך,ARTIST,RANDOM
אנחנו שניים,ARTIST,RANDOM
אנטי סעמיטיזם,ARTIST,RANDOM
אנטלגנציה רוחנית,ARTIST,RANDOM
אנטליגנציה רוחנית,ARTIST,RANDOM
אני אמרתי,ARTIST,RANDOM
אנקעל סעם,ARTIST,RANDOM
אנקת מסלדיך,ARTIST,RANDOM
אנריקו מאסייס,ARTIST,ARTIST
אנש רחיצנא,ARTIST,RANDOM
אנשי הבוקר,ARTIST,RANDOM
אנשי הפורים,ARTIST,SONG
אנשי צפת,ARTIST,RANDOM
אנתוני שור,ARTIST,ARTIST
אסד לסעודתא,ARTIST,RANDOM
אסדר לסעודתא,ARTIST,RANDOM
אסומה טלולה,ARTIST,RANDOM
אסור לאיתיאש,ARTIST,RANDOM
אסור להתייאש,ARTIST,RANDOM
אסיר ציון בציון,ARTIST,ARTIST
אסמאס בערבית,ARTIST,RANDOM
אסף שלום,ARTIST,ARTIST
אספרה כבודך,ARTIST,ALBUM
אספרה שמך,ARTIST,ALBUM
אסתר המלכה,ARTIST,RANDOM
אערך צפצופי,ARTIST,RANDOM
אפאר מיליאן,ARTIST,RANDOM
אפונה מתוקה,ARTIST,RANDOM
אפי האפי,ARTIST,ARTIST
אפיק אבגי,ARTIST,ARTIST
אפרים בערקאוויטש,ARTIST,ARTIST
אפרים מנת,ARTIST,ARTIST
אפשר להציל,ARTIST,RANDOM
אפתח בשירי,ARTIST,ALBUM
אקדח יורה,ARTIST,RANDOM
אקדמות אקורדיון,ARTIST,RANDOM
אקדמות כינור,ARTIST,ALBUM
אקדמות מילין,ARTIST,RANDOM
אקיו קשיוואגי,ARTIST,RANDOM
אקמול לנחשים,ARTIST,RANDOM
ארבעט פארמיטלונג,ARTIST,RANDOM
ארוחה מסלקום,ARTIST,RANDOM
ארויס ארויס,ARTIST,RANDOM
ארז אמידי,ARTIST,ARTIST
ארז כהן,ARTIST,ARTIST
ארז נוגה,ARTIST,ARTIST
ארזי הלבנון,ARTIST,ARTIST
ארי-היל,ARTIST,SONG
אריה מכלוף,ARTIST,ARTIST
ארים ראשי,ARTIST,RANDOM
אריק זנתי,ARTIST,ARTIST
ארלי צ_פלין,ARTIST,RANDOM
ארלס אינגרם,ARTIST,RANDOM
ארלס דרווין,ARTIST,RANDOM
ארלס קרוקר,ARTIST,RANDOM
ארמון של,ARTIST,RANDOM
ארמיא אדמורא,ARTIST,RANDOM
ארע אשריכם,ARTIST,SONG
ארצות אירופה,ARTIST,RANDOM
ארצות הברית,ARTIST,RANDOM
ארצי שלי,ARTIST,RANDOM
ארצנו הקטנטונת,ARTIST,RANDOM
ארקדי בפרסומת,ARTIST,RANDOM
אש רוקדת,ARTIST,RANDOM
אשא מבטי,ARTIST,RANDOM
אשא עניי,ARTIST,RANDOM
אשדודית באליטה,ARTIST,RANDOM
אשורר שירה,ARTIST,ARTIST
אשינעם חלום,ARTIST,RANDOM
אשכימה לאל,ARTIST,ARTIST
אשכנזי מקלל,ARTIST,ARTIST
אשל מתחזק,ARTIST,SONG
אשליך יהבי,ARTIST,RANDOM
אשר אהיה,ARTIST,RANDOM
אשר אמיץ,ARTIST,ARTIST
אשר בחר,ARTIST,ARTIST
אשר בידו,ARTIST,ARTIST
אשר בן דוד,ARTIST,ARTIST
אשר בראת,ARTIST,ARTIST
אשר דבר,ARTIST,RANDOM
אשר יונה,ARTIST,ARTIST
אשר יחדיו,ARTIST,ARTIST
אשר יצר,ARTIST,RANDOM
אשר ישלטו,ARTIST,ARTIST
אשר מניקולייב,ARTIST,ARTIST
אשר נסגר,ARTIST,ARTIST
אשר נשמת,ARTIST,ARTIST
אשר נתן,ARTIST,ARTIST
אשר שבת,ARTIST,ALBUM
אשר תלכי,ARTIST,ARTIST
אשר תמיד,ARTIST,RANDOM
אשרי חלקם,ARTIST,SONG
אשתורי הפרחי,ARTIST,RANDOM
אשתך כגפן,ARTIST,RANDOM
אתגר השינוי,ARTIST,RANDOM
אתחיל באל,ARTIST,RANDOM
אתי מר,ARTIST,RANDOM
אתיופי בורגראנץ,ARTIST,RANDOM
אתיופי כריש,ARTIST,RANDOM
אתם ראיתם,ARTIST,RANDOM
אתם שלום,ARTIST,ARTIST
אתניקס גשם,ARTIST,ALBUM
אתקינו סעודתא,ARTIST,RANDOM
אתקיתא סעודתא,ARTIST,RANDOM
ב ציון שנקר,ARTIST,ARTIST
ב- מזרחי,ARTIST,ARTIST
ב.לוין,ARTIST,ARTIST
ב.צ שנקר,ARTIST,ARTIST
בְּכֵּיף פרק,ARTIST,RANDOM
באור פניך,ARTIST,RANDOM
באלד באלד,ARTIST,RANDOM
באמצע החורף,ARTIST,RANDOM
באר אברהם,ARTIST,ARTIST
באר יצחק,ARTIST,ARTIST
בארי-רומניה,ARTIST,ARTIST
בארץ ישראל,ARTIST,ALBUM
באשעפער רחמים,ARTIST,ARTIST
בבואו מאדום,ARTIST,RANDOM
בגטו וורשא,ARTIST,RANDOM
בגיטו וורשא,ARTIST,RANDOM
בדגל אגודה,ARTIST,RANDOM
בדם הרשע,ARTIST,RANDOM
בדרכים פוסע,ARTIST,ALBUM
בהברה עברית,ARTIST,RANDOM
בהקפה שביעית,ARTIST,RANDOM
בהרי יהודה,ARTIST,ARTIST
בוא גלעד,ARTIST,ARTIST
בואו נשתחווה,ARTIST,RANDOM
בואו נתחזק,ARTIST,RANDOM
בוה בוה,ARTIST,RANDOM
בוה מקוצר,ARTIST,RANDOM
בול בזמן,ARTIST,RANDOM
בונוס חברותא,ARTIST,RANDOM
בונוס מגה,ARTIST,RANDOM
בוער באהבת ה,ARTIST,RANDOM
בורו פארק,ARTIST,ARTIST
בוריס מדבר,ARTIST,ARTIST
בוריס צלצל,ARTIST,ARTIST
בזוטשקא הרבי,ARTIST,RANDOM
בזק שלום,ARTIST,ARTIST
בחוף אכזיב,ARTIST,RANDOM
בחורי ישיבה,ARTIST,RANDOM
בחזית צפון,ARTIST,RANDOM
בחזקת סומין,ARTIST,RANDOM
בחיוך אחד,ARTIST,RANDOM
בחירתי לעד,ARTIST,RANDOM
בחסידות גור,ARTIST,ARTIST
בטהובן רצועה,ARTIST,SONG
בטיש של ויז'ניץ,ARTIST,RANDOM
ביבי סיטר,ARTIST,ARTIST
בידו אפקיד,ARTIST,RANDOM
בידרמן שליט,ARTIST,ARTIST
ביולוגיות שהופרכו,ARTIST,RANDOM
ביומא דשבתא,ARTIST,RANDOM
ביז קיטעוו,ARTIST,RANDOM
בייג זיך,ARTIST,SONG
ביכורי ספרות,ARTIST,RANDOM
ביני בריסקמן,ARTIST,ARTIST
ביסטו שאולי,ARTIST,ARTIST
ביסטו שיין,ARTIST,ARTIST
ביסטן שיין,ARTIST,ARTIST
ביקורת אתגר,ARTIST,RANDOM
ביר לחפן,ARTIST,RANDOM
ביתי צאי,ARTIST,RANDOM
בכה תבכה,ARTIST,RANDOM
בכו תבכה,ARTIST,RANDOM
בכי בסלסולים,ARTIST,RANDOM
בכי צחוק,ARTIST,RANDOM
בכסא הוד,ARTIST,ARTIST
בלו פיטר,ARTIST,ARTIST
בלי מיצור,ARTIST,RANDOM
בלי ניסים,ARTIST,ARTIST
בליבי זועקת,ARTIST,RANDOM
בלתך גואלינו,ARTIST,RANDOM
במאכל הקרמבו,ARTIST,RANDOM
במבה אסם‬,ARTIST,RANDOM
בממלכת הכפור,ARTIST,RANDOM
במרומי ערץ,ARTIST,RANDOM
במרכז מים הר ציון,ARTIST,RANDOM
בן אדם,ARTIST,RANDOM
בן אדמה,ARTIST,RANDOM
בן אהוב,ARTIST,ARTIST
בן אהובך,ARTIST,ARTIST
בן בג בג,ARTIST,ARTIST
בן בן ברוך,ARTIST,ARTIST
בן דוד,ARTIST,ARTIST
בן וולקוב,ARTIST,ARTIST
בן זוג,ARTIST,RANDOM
בן זיני,ARTIST,ARTIST
בן חמש,ARTIST,RANDOM
בן יעקב,ARTIST,ARTIST
בן ישיבה,ARTIST,RANDOM
בן מהלאל,ARTIST,ARTIST
בן מהללאל,ARTIST,ARTIST
בן מלאך,ARTIST,RANDOM
בן מלך,ARTIST,SONG
בן מלך שעשוי,ARTIST,SONG
בן סהר,ARTIST,ARTIST
בן פיגא,ARTIST,RANDOM
בן פייגא,ARTIST,RANDOM
בן פייגה,ARTIST,ARTIST
בן ציון קאפוב,ARTIST,ARTIST
בן ציון שענקער,ARTIST,ARTIST
בן ציון'ס,ARTIST,ARTIST
בן ראובני,ARTIST,ARTIST
בן שלוש,ARTIST,RANDOM
בן-ארי,ARTIST,ARTIST
בן-צבי,ARTIST,ARTIST
בן_אל_תבורי,ARTIST,RANDOM
בן_זקן,ARTIST,RANDOM
בנאל ישראל,ARTIST,ARTIST
בנגינת שופר,ARTIST,ARTIST
בני אברהם,ARTIST,ARTIST
בני אדם,ARTIST,RANDOM
בני אהובי,ARTIST,RANDOM
בני בחלקך,ARTIST,ARTIST
בני בני,ARTIST,SONG
בני בראתי,ARTIST,ARTIST
בני ברק,ARTIST,ARTIST
בני היכלא,ARTIST,ALBUM
בני חיי,ARTIST,RANDOM
בני יששכר,ARTIST,ARTIST
בני מוסר,ARTIST,RANDOM
בני מנדי וויס,ARTIST,ARTIST
בני עלייה,ARTIST,RANDOM
בני ראם,ARTIST,ARTIST
בני תימן,ARTIST,ARTIST
בנימין אלטהוז,ARTIST,ARTIST
בנימין זאב הרצל,ARTIST,ARTIST
בנימין מוציא,ARTIST,ARTIST
בנימין מטודלה,ARTIST,ARTIST
בנימין מטולדה,ARTIST,ARTIST
בנימין משה,ARTIST,ARTIST
בניסן נגאלו,ARTIST,RANDOM
בנציון שנקר,ARTIST,ARTIST
בסיגנון צבאי,ARTIST,RANDOM
בסרביה חסידל,ARTIST,RANDOM
בעבור דוד,ARTIST,ARTIST
בעולם אביעד,ARTIST,ARTIST
בעולם כלל,ARTIST,RANDOM
בעיטה לחיבורים,ARTIST,RANDOM
בערי אם טיטלבום,ARTIST,SONG
בערי ועבר,ARTIST,ARTIST
בערל חגי,ARTIST,ARTIST
בצד ימין,ARTIST,ARTIST
בצילך שבת,ARTIST,ALBUM
בצל אמונתי,ARTIST,RANDOM
בקצה הקיטון,ARTIST,RANDOM
בקשי שני,ARTIST,RANDOM
בר הי,ARTIST,ARTIST
בר יוחאי,ARTIST,ARTIST
בר כוכבא,ARTIST,ARTIST
בר מצווה,ARTIST,ARTIST
ברבן גמליאך,ARTIST,RANDOM
ברהמ ז,ARTIST,RANDOM
ברהמס בוזוקי,ARTIST,RANDOM
ברוך אלקים,ARTIST,ARTIST
ברוך ד' אשר,ARTIST,ARTIST
ברוך הגבר,ARTIST,ALBUM
ברוך המקום,ARTIST,ARTIST
ברוך הפורס,ARTIST,ARTIST
ברוך הפורש,ARTIST,ARTIST
ברוך מרדכי,ARTIST,ARTIST
ברוך צ׳ייט,ARTIST,ARTIST
ברוך שאמר,ARTIST,ARTIST
ברוך שם כבוד,ARTIST,RANDOM
ברוך שמיה,ARTIST,ARTIST
ברוך שנתן,ARTIST,ARTIST
ברחובנו הצר,ARTIST,RANDOM
ברית אברהם,ARTIST,ARTIST
ברכה יהודית,ARTIST,ARTIST
ברכה למרדכי,ARTIST,RANDOM
ברכה מרובה,ARTIST,RANDOM
ברלה חגי,ARTIST,ARTIST
ברק בריק,ARTIST,ARTIST
ברק שלמה,ARTIST,ARTIST
בש ששווה,ARTIST,ARTIST
בשבחין-סאטמאר,ARTIST,RANDOM
בשבתך בביתך,ARTIST,RANDOM
בשירי זמרה,ARTIST,ARTIST
בשמש צהוב,ARTIST,RANDOM
בת גנשטיין,ARTIST,RANDOM
בתי צאי,ARTIST,RANDOM
ג [High quality,ARTIST,RANDOM
ג וג,ARTIST,RANDOM
ג'קוב,ARTIST,ARTIST
ג- מזרחי,ARTIST,ARTIST
ג. אליהו,ARTIST,ARTIST
ג. פוטולסקי,ARTIST,ARTIST
ג_ון ווד,ARTIST,RANDOM
ג_ון צ_או,ARTIST,RANDOM
ג_ורג_ וושינגטון,ARTIST,RANDOM
גאווין סאס,ARTIST,RANDOM
גאול גאל,ARTIST,ARTIST
גאולת ישראל,ARTIST,ARTIST
גאולת שלום,ARTIST,ARTIST
גאי לרר,ARTIST,ARTIST
גאל אותי,ARTIST,RANDOM
גאלדענע רענדל,ARTIST,RANDOM
גאלדענע רענדעל,ARTIST,RANDOM
גאסן פויקער,ARTIST,RANDOM
גבורה אמונית,ARTIST,RANDOM
גבי הארון,ARTIST,ARTIST
גבינה לכובע,ARTIST,RANDOM
גביר בנאום,ARTIST,RANDOM
גדולי הדור,ARTIST,RANDOM
גדי לא,ARTIST,RANDOM
גו רינגטון,ARTIST,ARTIST
גואיף אספניול,ARTIST,RANDOM
גואל יבוא,ARTIST,SONG
גואלי י,ARTIST,RANDOM
גוגו הגבר,ARTIST,RANDOM
גוואלדשע ברודר,ARTIST,ARTIST
גוט מרגן,ARTIST,ARTIST
גוטא וואך,ARTIST,RANDOM
גולדה מאיר,ARTIST,RANDOM
גולני שלי,ARTIST,RANDOM
גור חופה,ARTIST,ARTIST
גור לדורותיה,ARTIST,ARTIST
גור עתיק,ARTIST,ARTIST
גור תשסב,ARTIST,ARTIST
גור,ARTIST,ARTIST
גחל בוער,ARTIST,RANDOM
גיא אלתגר,ARTIST,ARTIST
גיא ימין,ARTIST,ARTIST
גיא נבון,ARTIST,ARTIST
גיא קשטן,ARTIST,ARTIST
גיא שר,ARTIST,ARTIST
גיבורי התהילה,ARTIST,RANDOM
גיבט ארויס,ARTIST,RANDOM
גיגי לוי,ARTIST,ARTIST
גיור לדורות,ARTIST,RANDOM
גיט אריין,ARTIST,ARTIST
גיטל'ה,ARTIST,RANDOM
גיטל'ה וגולדל,ARTIST,RANDOM
גיטס אריין,ARTIST,ARTIST
גיטע יאר,ARTIST,ARTIST
גיטרה חשמלית,ARTIST,RANDOM
גיל העולם,ARTIST,ARTIST
גיל כדור,ARTIST,ARTIST
גיל מצוות,ARTIST,ARTIST
גיל רויטר,ARTIST,ARTIST
גיל_ויין,ARTIST,RANDOM
גילה דיצה,ARTIST,ARTIST
גילה דעתו,ARTIST,RANDOM
גילה רינה,ARTIST,SONG
גילי ארגוב,ARTIST,ARTIST
גינגל באר,ARTIST,ARTIST
גינגל דגל,ARTIST,RANDOM
גינה אימא,ARTIST,RANDOM
גינת אגוז,ARTIST,RANDOM
גירסת רוק,ARTIST,ARTIST
גישמעק טו,ARTIST,RANDOM
גל אדם,ARTIST,ARTIST
גל גל,ARTIST,ARTIST
גל מרחב,ARTIST,ARTIST
גל נתניה,ARTIST,ARTIST
גל עיני,ARTIST,ARTIST
גל עינינו,ARTIST,ARTIST
גל רימון,ARTIST,ARTIST
גלגל הזמן,ARTIST,ALBUM
גלגל החוזר,ARTIST,RANDOM
גלגל מסתובב,ARTIST,RANDOM
גלה זיו,ARTIST,ARTIST
גלה כבוד,ARTIST,RANDOM
גלי לי,ARTIST,RANDOM
גלינה גולדמן,ARTIST,ARTIST
גלן ברק,ARTIST,ARTIST
גממרמן נטירוף,ARTIST,RANDOM
גן עדן,ARTIST,ARTIST
געבראכט משיח,ARTIST,ALBUM
געוואלד אמונה,ARTIST,ALBUM
געלב מארהב,ARTIST,RANDOM
געליבטער טאכטער,ARTIST,RANDOM
געלע באס,ARTIST,RANDOM
גפילטע פיש,ARTIST,ARTIST
גפן פוריה,ARTIST,ARTIST
גפני עצבני,ARTIST,ARTIST
גראמן אידיש,ARTIST,ARTIST
גרוב סגול,ARTIST,ARTIST
גרויסע שמחה,ARTIST,ARTIST
גרויסער באשעפער,ARTIST,RANDOM
גרין בלעטער,ARTIST,ARTIST
גרין דיי,ARTIST,ARTIST
גרמן קבלפ,ARTIST,RANDOM
גרסא עברית,ARTIST,RANDOM
גרסאת רדיו,ARTIST,RANDOM
גשר אלנבי,ARTIST,RANDOM
גשר ביילי,ARTIST,RANDOM
ד. וינבך,ARTIST,ARTIST
ד. ורדיגר,ARTIST,ARTIST
דאב השקט שבטבע,ARTIST,RANDOM
דאוויד הארידאק,ARTIST,RANDOM
דאור-שינויים,ARTIST,RANDOM
דאטה סנטר,ARTIST,RANDOM
דאנסוף הדרך,ARTIST,ALBUM
דאר רבי,ARTIST,RANDOM
דאתרא קדישא,ARTIST,RANDOM
דב ליפמן,ARTIST,ARTIST
דב_צבי,ARTIST,RANDOM
דביקות מהריל,ARTIST,ALBUM
דבקים בך,ARTIST,SONG
דג מנקה,ARTIST,RANDOM
דגל אגודה,ARTIST,ALBUM
דדה ביה,ARTIST,RANDOM
דדי פרלמוטר,ARTIST,ARTIST
דדיה ושינפלד,ARTIST,SONG
דדר ביה,ARTIST,RANDOM
דוב לוין,ARTIST,ARTIST
דובון יומבן,ARTIST,RANDOM
דובי פרנסס,ARTIST,ARTIST
דובי שפירא,ARTIST,ARTIST
דוד אידל,ARTIST,ARTIST
דוד אמסלם,ARTIST,ARTIST
דוד הנופלת,ARTIST,ARTIST
דוד חיאק,ARTIST,ARTIST
דוד יפה,ARTIST,ARTIST
דוד מוישי,ARTIST,ARTIST
דוד מלך,ARTIST,ARTIST
דוד מלכא,ARTIST,ARTIST
דוד מלכי,ARTIST,ARTIST
דוד מלכם,ARTIST,ARTIST
דוד נדב,ARTIST,ARTIST
דוד עבדיך,ARTIST,ARTIST
דוד עבדך,ARTIST,ARTIST
דוד פסטג,ARTIST,ARTIST
דוד פעדער,ARTIST,ARTIST
דוד רפאל,ARTIST,ARTIST
דוד שוחט,ARTIST,ARTIST
דוד שיעור,ARTIST,ARTIST
דודי אוהד,ARTIST,ARTIST
דודי גאלדמן,ARTIST,ARTIST
דודי ירד,ARTIST,ARTIST
דודי לנר,ARTIST,ARTIST
דודי מזל,ARTIST,SONG
דודי משי,ARTIST,ARTIST
דודי פנה,ARTIST,SONG
דודי קנפלער,ARTIST,ARTIST
דודים שטרן,ARTIST,ARTIST
דודיק אזולאי,ARTIST,ARTIST
דויד וורדינגר מדליי,ARTIST,ARTIST
דויד רויטמן,ARTIST,ARTIST
דויד רויטרמן,ARTIST,ARTIST
דוידי בן מעש,ARTIST,ARTIST
דומה למלך,ARTIST,RANDOM
דונא דונא,ARTIST,RANDOM
דונה גרציה,ARTIST,RANDOM
דוני גרוס,ARTIST,ARTIST
דוני מנדלוביץ,ARTIST,ARTIST
דור אבוחצירה,ARTIST,ARTIST
דור אחרון,ARTIST,ARTIST
דור דור,ARTIST,ARTIST
דור חדש,ARTIST,ARTIST
דור מצויין,ARTIST,ARTIST
דור מצוין,ARTIST,ARTIST
דור סקולר,ARTIST,ARTIST
דור שני,ARTIST,ARTIST
דורון אורבך,ARTIST,ARTIST
דורון מאירסדורף,ARTIST,ARTIST
דורון מרקו,ARTIST,ARTIST
דורי מנור,ARTIST,ARTIST
דורין מארקו,ARTIST,RANDOM
דורען מארקו,ARTIST,RANDOM
דורש כל,ARTIST,RANDOM
דורש ממך,ARTIST,RANDOM
דורש מעימך,ARTIST,RANDOM
דושע אידעלע,ARTIST,RANDOM
דז'יקוב,ARTIST,ARTIST
דחה דחיתני,ARTIST,RANDOM
דיגי אס,ARTIST,ARTIST
דיגי יאיר,ARTIST,ARTIST
דידי הררי,ARTIST,ARTIST
דידן נצח,ARTIST,RANDOM
דיו נישפך,ARTIST,RANDOM
דיין זיסע,ARTIST,ARTIST
דיין טלפון,ARTIST,ARTIST
דיין קרוין,ARTIST,ARTIST
דיכאון מניק,ARTIST,RANDOM
דין במשרד,ARTIST,ARTIST
דין הערבי,ARTIST,ARTIST
דין נעים,ARTIST,ARTIST
דיסקרייב יאלילי,ARTIST,RANDOM
דירת ארעי,ARTIST,RANDOM
דלעילא ותתא,ARTIST,RANDOM
דלת חורקת,ARTIST,RANDOM
דם דם הופה,ARTIST,RANDOM
דם יהודי,ARTIST,RANDOM
דם צפרדע,ARTIST,RANDOM
דמשק אליעזר,ARTIST,ARTIST
דן דן,ARTIST,ARTIST
דני המופנם,ARTIST,ARTIST
דני מציל,ARTIST,ARTIST
דניאל יוסף,ARTIST,ARTIST
דניאלי זוננפלד,ARTIST,ARTIST
דער פאסטוך,ARTIST,SONG
דער קאצקער,ARTIST,SONG
דקודשא בריך,ARTIST,RANDOM
דקת מתניים,ARTIST,RANDOM
דרור יצחק,ARTIST,ARTIST
דרור יקרא,ARTIST,SONG
דרור פולג,ARTIST,ARTIST
דריי אינגלעך,ARTIST,ARTIST
דריי טעכטעלך,ARTIST,ARTIST
דריי טעכטער,ARTIST,ARTIST
דרייסיג-פערציג,ARTIST,RANDOM
דרכון מונקטש,ARTIST,RANDOM
דרכי דוד,ARTIST,ARTIST
דרכי נועם,ARTIST,ARTIST
דרמה טורקית,ARTIST,RANDOM
דרר יקרא,ARTIST,SONG
ה12 פסוקים,ARTIST,RANDOM
הא יגאל,ARTIST,ARTIST
האזינה אלקים,ARTIST,ALBUM
האחים המאומצים,ARTIST,ARTIST
האחים יאיר,ARTIST,ARTIST
האחים יונתן,ARTIST,ARTIST
האחים משפחת שיק,ARTIST,ARTIST
האחים רייט,ARTIST,ARTIST
האם בינה,ARTIST,RANDOM
האנטלעך,ARTIST,RANDOM
האפ קאזאק,ARTIST,RANDOM
הארייט טאבמן,ARTIST,RANDOM
הארץ יצרת,ARTIST,ALBUM
הבט משמים,ARTIST,SONG
הבעלזאי שהולחן,ARTIST,RANDOM
הגרי רוזן,ARTIST,ARTIST
הד קולי,ARTIST,ARTIST
הדור קיבלוה,ARTIST,RANDOM
הדס ביטרן,ARTIST,ARTIST
הדר שירת,ARTIST,ALBUM
הדריכנו באמתך,ARTIST,RANDOM
הודאה ובקשה,ARTIST,RANDOM
הודעה לבוס,ARTIST,RANDOM
הווי שש,ARTIST,RANDOM
הווקאל רבותי,ARTIST,ARTIST
הוי גביר,ARTIST,RANDOM
הוי דן,ARTIST,ARTIST
הוי משיח,ARTIST,ALBUM
הוי מתחמם,ARTIST,RANDOM
הוי קישינב,ARTIST,RANDOM
הוי שש,ARTIST,RANDOM
הוסטי גוסטי,ARTIST,RANDOM
הורה ירושלמית,ARTIST,SONG
הורה פיצוץ,ARTIST,RANDOM
הזמיר ממרסיי,ARTIST,RANDOM
החברים חגגו,ARTIST,RANDOM
החסיד שהותקף,ARTIST,RANDOM
הט אזנך,ARTIST,RANDOM
הטה אלוקיי,ARTIST,RANDOM
הטה אלי,ARTIST,ARTIST
היה משתלם,ARTIST,RANDOM
היהודיה שהפכה,ARTIST,RANDOM
היכל יוסף,ARTIST,ARTIST
היכל מרדכי,ARTIST,ARTIST
היכל שמואל,ARTIST,ARTIST
הירצקא גרינפלד,ARTIST,RANDOM
הכותל המערבי,ARTIST,RANDOM
הלבן חטאנו,ARTIST,RANDOM
הלו הלו,ARTIST,RANDOM
הלו ילד,ARTIST,RANDOM
הלוחש לקוונטים,ARTIST,RANDOM
הליכה בחלון,ARTIST,ALBUM
הליכה לחופה,ARTIST,RANDOM
הליכה לקיסריה,ARTIST,ALBUM
הליכה לקסרייה,ARTIST,ALBUM
הלל אהלל,ARTIST,ARTIST
הלל גראס,ARTIST,ARTIST
הלל המקובל,ARTIST,ARTIST
הלל ושמאי,ARTIST,ARTIST
הלל לישראל,ARTIST,ARTIST
המגנה כרטה,ARTIST,RANDOM
המדינה שהרגה,ARTIST,RANDOM
המחמאות שעזרו,ARTIST,RANDOM
המים שטופונו,ARTIST,SONG
המפקח שנכנס,ARTIST,RANDOM
המצב במדינה,ARTIST,RANDOM
המשך הוק,ARTIST,RANDOM
המשך סיום,ARTIST,SONG
המשך קריאה,ARTIST,RANDOM
המשך ריקוד,ARTIST,SONG
המשך שורות,ARTIST,RANDOM
המשך שיר,ARTIST,SONG
המשך שפיל,ARTIST,RANDOM
המשפיע שעה,ARTIST,RANDOM
הנאום הטוב,ARTIST,SONG
הנגון שבלב,ARTIST,RANDOM
הניצול מהשרפה,ARTIST,RANDOM
הנך יפה,ARTIST,RANDOM
הנר בוער,ARTIST,SONG
הסדק שבלב,ARTIST,RANDOM
הסיפור מהסוף,ARTIST,RANDOM
הסיפור שלהם,ARTIST,RANDOM
העוסקים באוריתא,ARTIST,RANDOM
הערצקע גרינפלד,ARTIST,RANDOM
הפורמטיםעזרי מעם,ARTIST,RANDOM
הפיל פור,ARTIST,SONG
הפריילך מברוקלין,ARTIST,RANDOM
הצד שלך,ARTIST,RANDOM
הצילני זושא,ARTIST,ARTIST
הקודחים בכביש,ARTIST,RANDOM
הקוף שהפך,ARTIST,RANDOM
הקלטה מהשידור,ARTIST,RANDOM
הר ציון,ARTIST,ARTIST
הר קשה,ARTIST,RANDOM
הרב אייכלר,ARTIST,RANDOM
הרב אלבז,ARTIST,RANDOM
הרב כדורי,ARTIST,RANDOM
הרב לאו,ARTIST,RANDOM
הרב לוין,ARTIST,RANDOM
הרב מנשה ישראל רייזמן,ARTIST,ARTIST
הרבי מילובביץ,ARTIST,RANDOM
הרבי מלובאביץ,ARTIST,RANDOM
הרבי מלובביץ,ARTIST,RANDOM
הרי געש,ARTIST,RANDOM
הרמן בורנשטיין,ARTIST,ARTIST
הרמן בורשטיין,ARTIST,ARTIST
הרמן יאדלווקר,ARTIST,ARTIST
הרשי הראשון,ARTIST,RANDOM
השבח לאל,ARTIST,ARTIST
השוטר אזולאי,ARTIST,ARTIST
השומר אמת,ARTIST,RANDOM
השומר שבת,ARTIST,ALBUM
השידוך בעצת,ARTIST,RANDOM
השידוך מהמכה,ARTIST,RANDOM
השידוך שהחזיר,ARTIST,RANDOM
השידוך שלי,ARTIST,RANDOM
התרדמת יועץ,ARTIST,RANDOM
התשמע קולי,ARTIST,ALBUM
ו. ו,ARTIST,RANDOM
ו. זמן,ARTIST,RANDOM
ואטהר,ARTIST,RANDOM
ואילו פינו,ARTIST,RANDOM
ואלס בחמש,ARTIST,RANDOM
ואני בחסדך,ARTIST,SONG
ואני בעודי,ARTIST,RANDOM
ואני ברוב,ARTIST,RANDOM
ואני קרבת,ARTIST,RANDOM
ואשיבה שופטייך,ARTIST,RANDOM
ובדברי קדשך,ARTIST,RANDOM
ובן_אל_,ARTIST,RANDOM
ובן_אל_תבורי,ARTIST,RANDOM
ובשופר גדול,ARTIST,RANDOM
ובשירי דוד,ARTIST,ARTIST
והא רחום,ARTIST,RANDOM
והריני מכוון,ARTIST,RANDOM
וואוילע קינדער,ARTIST,RANDOM
וואלס גולדמן,ARTIST,ARTIST
ווארשאווער בולגר,ARTIST,RANDOM
ווטרברי ואריה,ARTIST,ARTIST
ווי נעמט,ARTIST,ARTIST
ווי שיין,ARTIST,ARTIST
ווייסע שטערן,ARTIST,ARTIST
וויסקי במכס,ARTIST,RANDOM
וולח ניקוליוב,ARTIST,RANDOM
וולט רומני,ARTIST,RANDOM
וולס אודך,ARTIST,SONG
וולס גור,ARTIST,ARTIST
וולס מודז'יץ,ARTIST,ARTIST
וולס מודזיץ,ARTIST,ARTIST
וולס עתיק,ARTIST,ARTIST
וולס תזמורתי,ARTIST,ARTIST
וזכרתי להם,ARTIST,RANDOM
ויבא עמלק,ARTIST,RANDOM
ויטל אבא,ARTIST,RANDOM
וייב,ARTIST,RANDOM
ויכלו,ARTIST,RANDOM
וינחם לבטח,ARTIST,RANDOM
וינסנט,ARTIST,RANDOM
ויצמח פרקניה,ARTIST,RANDOM
ויתן בפי,ARTIST,RANDOM
וכי ידיו,ARTIST,RANDOM
וליתן שבח,ARTIST,SONG
ולס אפרים,ARTIST,ARTIST
ולס גור,ARTIST,ARTIST
ולפי שחטאנו,ARTIST,RANDOM
ומחה ד' דמעה,ARTIST,RANDOM
ומי כעמך,ARTIST,RANDOM
ומפני חטאנו,ARTIST,RANDOM
ומרדכי יושב,ARTIST,RANDOM
ומרדכי יצא,ARTIST,RANDOM
ונהיה אנחנו,ARTIST,RANDOM
ונישא ברכה,ARTIST,RANDOM
ועתה אמרת,ARTIST,RANDOM
ועתה כתבו,ARTIST,RANDOM
ותאמר ציון,ARTIST,ARTIST
ותוסף אסתר,ARTIST,SONG
ותוסף באסתר,ARTIST,RANDOM
ותורתך שעשועי,ARTIST,RANDOM
ותן בלבינו,ARTIST,SONG
ותן חלקינו,ARTIST,RANDOM
ותן חלקנו,ARTIST,RANDOM
ותערב ולס,ARTIST,SONG
ותערב לפניך,ARTIST,RANDOM
ותערב קצבי,ARTIST,ARTIST
ז [High quality,ARTIST,RANDOM
ז הבט,ARTIST,SONG
ז מפני,ARTIST,RANDOM
ז סעודה,ARTIST,RANDOM
ז''ך וישר,ARTIST,RANDOM
ז. ה' העולם,ARTIST,RANDOM
ז. קוורטין,ARTIST,RANDOM
זאבי קופמן,ARTIST,ARTIST
זאל שויין,ARTIST,RANDOM
זאל שוין,ARTIST,RANDOM
זאל שוין זיין,ARTIST,SONG
זאל שיין,ARTIST,ARTIST
זאנוויל אמת,ARTIST,SONG
זאנוויל הכין,ARTIST,SONG
זאנוויל וקלצקין,ARTIST,SONG
זאנוויל מאז,ARTIST,RANDOM
זאנוויל נשמה,ARTIST,SONG
זאנוויל שערי,ARTIST,SONG
זארג נישט,ARTIST,RANDOM
זארג פון,ARTIST,SONG
זארה סייפי,ARTIST,RANDOM
זבח פסח,ARTIST,ARTIST
זבת חלב,ARTIST,RANDOM
זגורי אימפריה,ARTIST,RANDOM
זהבי עצבני,ARTIST,ARTIST
זהבינר הרץ,ARTIST,ARTIST
זהו א-לי,ARTIST,RANDOM
זהו אלי,ARTIST,ARTIST
זהוי יפו,ARTIST,RANDOM
זוהר הברית,ARTIST,ARTIST
זוהר הרקיע,ARTIST,ARTIST
זוהר לבקוביץ,ARTIST,ARTIST
זוט עני,ARTIST,RANDOM
זוכרי זמירות,ARTIST,ALBUM
זול שוין,ARTIST,RANDOM
זורע צדקות,ARTIST,ARTIST
זושא והעניים,ARTIST,ARTIST
זושא ופויתא,ARTIST,ARTIST
זושא מאיר,ARTIST,ARTIST
זושא מלא,ARTIST,ALBUM
זיג זג,ARTIST,RANDOM
זיו אלול,ARTIST,ARTIST
זיו האלטן,ARTIST,ARTIST
זיו השכינה,ARTIST,ARTIST
זיו כוכבי,ARTIST,ARTIST
זיטס מצליח,ARTIST,RANDOM
זייד קטאר,ARTIST,RANDOM
זיידל רובנר,ARTIST,RANDOM
זייטס מצליח,ARTIST,RANDOM
זיין פריילאך,ARTIST,ARTIST
זיך איבערבייטן,ARTIST,SONG
זיך איבערבעטען,ARTIST,SONG
זיך איברבעטין,ARTIST,SONG
זיך איברבעטן,ARTIST,SONG
זינג מיר,ARTIST,SONG
זינדיגער מענטש,ARTIST,RANDOM
זיע רביניו,ARTIST,RANDOM
זכאי מחמת,ARTIST,RANDOM
זכני לילד,ARTIST,RANDOM
זכני לשמח,ARTIST,RANDOM
זכר חסדו,ARTIST,RANDOM
זכר חסדו‏,ARTIST,RANDOM
זכר עמלק,ARTIST,RANDOM
זכרון הסביבון,ARTIST,ARTIST
זכרון מאיר,ARTIST,ARTIST
זכרון שלמה,ARTIST,ARTIST
זכרונות דוד,ARTIST,ARTIST
זכרונות מצפת,ARTIST,ALBUM
זכרני נא,ARTIST,SONG
זמיר שר,ARTIST,ARTIST
זמרו אלקים,ARTIST,ARTIST
זמרו לשם,ARTIST,ARTIST
זעלנער פון ציון,ARTIST,ARTIST
זעקה גדולה,ARTIST,RANDOM
זר פרחים,ARTIST,RANDOM
זרוע לצדיק,ARTIST,RANDOM
זרוע קודשיך,ARTIST,RANDOM
זרח בשטח,ARTIST,ARTIST
זרימת הבוקר,ARTIST,RANDOM
זרע אברהם,ARTIST,ARTIST
זרע חייא,ARTIST,RANDOM
זרעא חיא,ARTIST,RANDOM
זרעא חיה,ARTIST,ARTIST
זרעא חייא,ARTIST,RANDOM
זרעה חייא,ARTIST,RANDOM
זשוריטצי כלאפצי,ARTIST,RANDOM
חביב זכריה,ARTIST,ARTIST
חביב חובני,ARTIST,ARTIST
חביב חיים,ARTIST,ARTIST
חביבין ישראל,ARTIST,ALBUM
חביבין עלי,ARTIST,RANDOM
חבילת מונדיאל,ARTIST,RANDOM
חבלי מוות,ARTIST,RANDOM
חבלי משיח,ARTIST,ALBUM
חבצלת השרון,ARTIST,RANDOM
חבר שלי,ARTIST,RANDOM
חברא קדישא,ARTIST,RANDOM
חברון מאז,ARTIST,RANDOM
חברון שלי,ARTIST,RANDOM
חגגה יחד,ARTIST,ALBUM
חגי דוד,ARTIST,ARTIST
חגי והראל,ARTIST,ARTIST
חגי זיס,ARTIST,ARTIST
חדרה קרית,ARTIST,ARTIST
חדש שיצא,ARTIST,RANDOM
חדש ששוני,ARTIST,RANDOM
חואן פויול,ARTIST,RANDOM
חובה שמיעה,ARTIST,RANDOM
חובי סלח,ARTIST,RANDOM
חוברי להפקת,ARTIST,RANDOM
חוג מודיעין,ARTIST,RANDOM
חווה מאפריקה,ARTIST,ARTIST
חוט השני,ARTIST,RANDOM
חולי עמו,ARTIST,RANDOM
חולת אהבה,ARTIST,ALBUM
חולת אהבתיך,ARTIST,RANDOM
חולת אהבתך,ARTIST,RANDOM
חומר מאיר,ARTIST,ARTIST
חומרי הנפץ,ARTIST,RANDOM
חוני ג'י,ARTIST,ARTIST
חוסר שליטה,ARTIST,RANDOM
חופה גור,ARTIST,ARTIST
חופה ליינר,ARTIST,SONG
חוץ גופית,ARTIST,RANDOM
חורף באוטו,ARTIST,RANDOM
חורש בקצר,ARTIST,ARTIST
חזק (פריד,ARTIST,SONG
חזק אלקטרו,ARTIST,SONG
חזק ימלא,ARTIST,SONG
חזק ישראל,ARTIST,SONG
חזק לשמים,ARTIST,RANDOM
חזק קרוב,ARTIST,ALBUM
חזק קרייתי,ARTIST,SONG
חזק קריתי,ARTIST,SONG
חזק שמואל,ARTIST,ARTIST
חזקיהו יוסף קרלנשטיין,ARTIST,ARTIST
חזרחה למוטב,ARTIST,RANDOM
חזרת השץ,ARTIST,RANDOM
חזרת מוסף,ARTIST,RANDOM
חטא העגל,ARTIST,RANDOM
חטא שחטאנו,ARTIST,RANDOM
חטאנו לפניך,ARTIST,RANDOM
חי בורא,ARTIST,ALBUM
חי גרסת,ARTIST,ALBUM
חי וקיים,ARTIST,ARTIST
חי נורא,ARTIST,ARTIST
חי קורקוס,ARTIST,ARTIST
חיה פסח,ARTIST,ALBUM
חיוך אחד,ARTIST,RANDOM
חיי אריכי,ARTIST,RANDOM
חיי עבד,ARTIST,RANDOM
חיילים בצבא,ARTIST,RANDOM
חיים אודה השם,ARTIST,SONG
חיים אורשלימי,ARTIST,ARTIST
חיים אמסלם,ARTIST,ARTIST
חיים ארסיים,ARTIST,ARTIST
חיים בתורה,ARTIST,ARTIST
חיים טויבים,ARTIST,ARTIST
חיים יוסף בלויא,ARTIST,ARTIST
חיים ישעי_ וייל,ARTIST,ARTIST
חיים עוזר,ARTIST,ARTIST
חיים פסח,ARTIST,ARTIST
חיים פשוטים,ARTIST,ARTIST
חיים שיר,ARTIST,ARTIST
חיים שך תורה,ARTIST,RANDOM
חיים שלי,ARTIST,ARTIST
חיים שלמה,ARTIST,ARTIST
חיים שתהא,ARTIST,ARTIST
חיים_וולדר,ARTIST,RANDOM
חיכו ממתקים,ARTIST,RANDOM
חילי גנוד,ARTIST,ARTIST
חים אדלר,ARTIST,ARTIST
חינוך חובה,ARTIST,RANDOM
חיש אלופי,ARTIST,RANDOM
חכם חתן,ARTIST,RANDOM
חכם עובדיה,ARTIST,ARTIST
חכמה בינה,ARTIST,RANDOM
חכמי ישראל,ARTIST,ARTIST
חכמי לובלין,ARTIST,RANDOM
חכמת יוון,ARTIST,RANDOM
חלא ג'דיד,ARTIST,ARTIST
חלון בשמים,ARTIST,RANDOM
חליל רועים,ARTIST,ALBUM
חלל גדול,ARTIST,RANDOM
חלף הגשם,ARTIST,RANDOM
חלפן המום,ARTIST,RANDOM
חלפן משועשע,ARTIST,RANDOM
חלק ממני,ARTIST,RANDOM
חלק שני,ARTIST,RANDOM
חלקנו עימו,ARTIST,RANDOM
חמוץ מתוק,ARTIST,RANDOM
חן עליון,ARTIST,ARTIST
חן רכסים,ARTIST,ARTIST
חנה בצד,ARTIST,ARTIST
חנה ויינרוט,ARTIST,ARTIST
חניון קרתא,ARTIST,RANDOM
חנינא בני,ARTIST,SONG
חנן_הנחמד,ARTIST,RANDOM
חסד חסד,ARTIST,RANDOM
חסד יבנה,ARTIST,RANDOM
חסד ליפא,ARTIST,ARTIST
חסד נעוריך,ARTIST,RANDOM
חסד שבחסד,ARTIST,RANDOM
חסדאי קרשקש,ARTIST,ARTIST
חסדי יצחק,ARTIST,ARTIST
חסדימלך זינגן,ARTIST,RANDOM
חסדך ליודעיך,ARTIST,RANDOM
חסידים דמונטריאל,ARTIST,ARTIST
חסן נסראלה,ARTIST,RANDOM
חפץ חיים,ARTIST,ARTIST
חצי יובל,ARTIST,ARTIST
חצר אבו,ARTIST,ARTIST
חרדים בצפירה,ARTIST,RANDOM
חרדים מהעתיד,ARTIST,RANDOM
חרדים פרק,ARTIST,RANDOM
חריטונוב מניקולייב,ARTIST,ARTIST
חשבון משיח,ARTIST,ARTIST
חשון עה,ARTIST,RANDOM
חשון עו,ARTIST,RANDOM
חשון עז,ARTIST,ARTIST
חשון עח,ARTIST,RANDOM
חתולה באטרף,ARTIST,RANDOM
ט טיפקס,ARTIST,RANDOM
ט.     אל תירא ישראל,ARTIST,SONG
טאטע שיק,ARTIST,ARTIST
טאטעניא געטרייער,ARTIST,RANDOM
טאי פריים,ARTIST,RANDOM
טאקע טאקע,ARTIST,RANDOM
טבת עז,ARTIST,ARTIST
טבת עח,ARTIST,RANDOM
טוב באלאלייקא,ARTIST,RANDOM
טוב ילד,ARTIST,SONG
טוב לפניך,ARTIST,RANDOM
טויזנטער געטענץ,ARTIST,RANDOM
טום באלאלייקא,ARTIST,ARTIST
טום באלאלייקע,ARTIST,ARTIST
טונה סחרחורת,ARTIST,RANDOM
טוקר שואו,ARTIST,SONG
טז אלול,ARTIST,RANDOM
טיולי ג'יפים,ARTIST,RANDOM
טייער קינד,ARTIST,RANDOM
טיפ קטן,ARTIST,RANDOM
טיפולים רפואיים,ARTIST,RANDOM
טירת הקרח,ARTIST,RANDOM
טכנו דיסקו,ARTIST,RANDOM
טל - י. רוזנבלט,ARTIST,ARTIST
טל בו תברך,ARTIST,RANDOM
טל חרמון,ARTIST,ARTIST
טל ישיש,ARTIST,ARTIST
טל צמח,ARTIST,ARTIST
טל רפאל,ARTIST,ARTIST
טל תן-יוסלה,ARTIST,ARTIST
טל-אשכנז,ARTIST,ARTIST
טל-גשם,ARTIST,ARTIST
טל-ח.א. הרשטיק,ARTIST,ARTIST
טל-יוסל'ה-מ. קאופמן,ARTIST,ARTIST
טל-יוסלה,ARTIST,ARTIST
טל-ל. גלאנץ,ARTIST,ARTIST
טל-ל. גלנץ,ARTIST,ARTIST
טל_-_אל_תשכחני,ARTIST,RANDOM
טלפון דספסיטו,ARTIST,RANDOM
טמיר ברלינר,ARTIST,ARTIST
טמפל שירה,ARTIST,ARTIST
טנא ראשון,ARTIST,RANDOM
טנק יו,ARTIST,SONG
טסטים בהנאה,ARTIST,RANDOM
טעטע העלף,ARTIST,ARTIST
טעמו ורא,ARTIST,RANDOM
טעמי מקרא,ARTIST,RANDOM
טקסונומיה (אבולוציה,ARTIST,RANDOM
טראכט גוט,ARTIST,ALBUM
טראכטין נאר,ARTIST,RANDOM
טראמפ'לה,ARTIST,RANDOM
טראנס פריק,ARTIST,SONG
טראפ וואסער,ARTIST,RANDOM
טראפ טאנץ,ARTIST,ALBUM
טראפאלא אקאפלע,ARTIST,RANDOM
טראק טכנו,ARTIST,RANDOM
טרגדיה מזעזעת,ARTIST,RANDOM
טרוטון רבי,ARTIST,RANDOM
טרייסט מיין,ARTIST,ALBUM
טרינקען לחיים,ARTIST,ALBUM
טרנס יפה,ARTIST,RANDOM
טרערן גלעזר,ARTIST,RANDOM
טשיריבום טשיריבום,ARTIST,RANDOM
טשעבין עה,ARTIST,RANDOM
י'ה שמע,ARTIST,ALBUM
י. ויליגר,ARTIST,ARTIST
י. ורדיגר,ARTIST,ARTIST
י. זינגר,ARTIST,ARTIST
י. מעודה,ARTIST,ARTIST
י. קוסביצקי,ARTIST,ARTIST
י. רוט,ARTIST,ARTIST
י. רזאל,ARTIST,SONG
י. שליסקי,ARTIST,ARTIST
יא ג'מעה,ARTIST,SONG
יא טייר,ARTIST,RANDOM
יא פיטו,ARTIST,RANDOM
יא קצבי,ARTIST,RANDOM
יא רייאה,ARTIST,SONG
יא רית,ARTIST,SONG
יאיר-דוד,ARTIST,ARTIST
יאל'ה משיח,ARTIST,ALBUM
יאם באם,ARTIST,RANDOM
יאן פירס,ARTIST,ARTIST
יאנו פאוורוטי,ARTIST,RANDOM
יאני ארייה,ARTIST,SONG
יאני נוסטלגיה,ARTIST,ALBUM
יאני פסנטר,ARTIST,SONG
יאני רקע,ARTIST,SONG
יאספו שיריי,ARTIST,RANDOM
יאפאנסקער מארש,ARTIST,SONG
יאפצ'יק,ARTIST,ARTIST
יאפצ׳יק כלייזמר,ARTIST,ARTIST
יאר אלט,ARTIST,ARTIST
יאר פריילאך,ARTIST,ARTIST
יאר פרייליך,ARTIST,ARTIST
יאר פריילך,ARTIST,ARTIST
יאר פריילעך,ARTIST,SONG
יארן יארן,ARTIST,ARTIST
יב מוריה,ARTIST,RANDOM
יב רקודים,ARTIST,RANDOM
יבא אדיר,ARTIST,ARTIST
יביע אומר,ARTIST,RANDOM
יביע נגילה,ARTIST,ALBUM
יבקש רחמים,ARTIST,ARTIST
יבש המעיין,ARTIST,RANDOM
יגאל אותי,ARTIST,RANDOM
יגאל אותנו,ARTIST,ARTIST
יגאל עיוכ,ARTIST,ARTIST
יגאל רוזן,ARTIST,ARTIST
יגל יעקב,ARTIST,ARTIST
יד ענוגה,ARTIST,RANDOM
יד רקודים,ARTIST,RANDOM
ידא רקודים,ARTIST,RANDOM
ידב גרמען,ARTIST,RANDOM
ידיד נפשש,ARTIST,SONG
ידידיה חממי,ARTIST,ARTIST
ידידים ירוממוך,ARTIST,ALBUM
ידידים רוממוך,ARTIST,ALBUM
ידיים באויר,ARTIST,RANDOM
ידיים לשמיים,ARTIST,RANDOM
ידין בגויים,ARTIST,ARTIST
יה ריבון,ARTIST,SONG
יה רם,ARTIST,ARTIST
יהב חכמתא,ARTIST,ARTIST
יהודא בן תימא,ARTIST,RANDOM
יהודא זיתון,ARTIST,ARTIST
יהודה בין,ARTIST,RANDOM
יהודה בן תימא,ARTIST,ARTIST
יהודה דרי,ARTIST,ARTIST
יהודה מרגלי,ARTIST,ARTIST
יהונתן שלמה,ARTIST,ARTIST
יהושוע וידר,ARTIST,ARTIST
יהושוע ישקיס,ARTIST,ARTIST
יהלא בילערוס,ARTIST,RANDOM
יהלום ירושלמי,ARTIST,ARTIST
יהללו המלאכים,ARTIST,RANDOM
יהללו ישיבה,ARTIST,RANDOM
יהללו שמו,ARTIST,ALBUM
יואב -,ARTIST,ARTIST
יואב רוזנברג,ARTIST,ARTIST
יואל בראל,ARTIST,ARTIST
יואל מסאטמאר,ARTIST,ARTIST
יואלי ברוין,ARTIST,ARTIST
יואלי גרניפלד,ARTIST,ARTIST
יואלי מרקוביץ,ARTIST,ARTIST
יואלי פאלקוויטש,ARTIST,ARTIST
יואלי צישינסקי,ARTIST,ARTIST
יואלי קלין,ARTIST,ARTIST
יואלי ראטה,ARTIST,ARTIST
יואלי שווארץ,ARTIST,ARTIST
יואלי-דיקמן,ARTIST,SONG
יובל מטלון,ARTIST,ARTIST
יובל_טייב,ARTIST,RANDOM
יודו לד,ARTIST,ARTIST
יודו שמך,ARTIST,SONG
יודי יגאלי,ARTIST,ARTIST
יודע בגוים,ARTIST,RANDOM
יודעי תרועה,ARTIST,RANDOM
יוודע בגויים,ARTIST,SONG
יוודע בגוים,ARTIST,RANDOM
יוחאי ירושלמי,ARTIST,ARTIST
יוט עהרליך,ARTIST,ARTIST
יולי קליין,ARTIST,ARTIST
יוליה פבזנר,ARTIST,ARTIST
יום אשר,ARTIST,ARTIST
יום גאולה,ARTIST,SONG
יום הבסטיליה,ARTIST,RANDOM
יום השמיני,ARTIST,RANDOM
יום חולף,ARTIST,RANDOM
יום חמישי,ARTIST,RANDOM
יום יפה,ARTIST,RANDOM
יום עבד,ARTIST,RANDOM
יום פדותי,ARTIST,RANDOM
יום קדוש,ARTIST,SONG
יום קודם,ARTIST,RANDOM
יום ראשון,ARTIST,RANDOM
יום רביעי,ARTIST,RANDOM
יום שבת,ARTIST,SONG
יום שבתון,ARTIST,RANDOM
יום שלישי,ARTIST,RANDOM
יום שני,ARTIST,RANDOM
יום שנלדתי,ARTIST,RANDOM
יומי ולילי,ARTIST,ARTIST
יונה יונה,ARTIST,ARTIST
יונה לבנה,ARTIST,ARTIST
יונה קטן,ARTIST,ARTIST
יונתן הגדול,ARTIST,ARTIST
יונתן הקטן,ARTIST,ARTIST
יונתן הקטן2,ARTIST,ARTIST
יונתן-רזאל,ARTIST,SONG
יונתן-שינפלד,ARTIST,ARTIST
יונתן_שינפלד,ARTIST,RANDOM
יוסי בובה,ARTIST,ARTIST
יוסי גולד,ARTIST,ARTIST
יוסי חן,ARTIST,ARTIST
יוסי נער,ARTIST,ARTIST
יוסי סביר,ARTIST,ARTIST
יוסי-הכט,ARTIST,ARTIST
יוסי_לאובר,ARTIST,RANDOM
יוסיפוס פלביוס,ARTIST,RANDOM
יוסל סאמעט,ARTIST,ARTIST
יוסל'ה סלוצק,ARTIST,ARTIST
יוסל'ה סלוצקר,ARTIST,ARTIST
יוסף אחרון,ARTIST,ARTIST
יוסף בן יעקב,ARTIST,ARTIST
יוסף ד,ARTIST,ARTIST
יוסף ד' עליכם,ARTIST,ARTIST
יוסף חי,ARTIST,ARTIST
יוסף יוסף,ARTIST,ARTIST
יוסף מוקר,ARTIST,ARTIST
יוסף פורטל,ARTIST,ARTIST
יוסף רבס,ARTIST,ARTIST
יוסף שוארץ,ARTIST,ARTIST
יוסף-ג'ואי ניוקם,ARTIST,ARTIST
יועץ נשואין,ARTIST,RANDOM
יור פריילך,ARTIST,RANDOM
יורם ציבורי,ARTIST,ARTIST
יושיע ציון,ARTIST,ARTIST
יושר ישר,ARTIST,RANDOM
יותם לאור,ARTIST,ARTIST
יזמים צעירים,ARTIST,RANDOM
יח אדר,ARTIST,SONG
יח גרמען,ARTIST,SONG
יחד יחד,ARTIST,ALBUM
יחד לב,ARTIST,ALBUM
יחד ליבם,ARTIST,RANDOM
יחד נהלל,ARTIST,ALBUM
יחד נתקרב,ARTIST,ALBUM
יחד רם,ARTIST,ARTIST
יחד שמך,ARTIST,ALBUM
יחדיו נלך,ARTIST,RANDOM
יחזקאל לעפקאוויטש,ARTIST,ARTIST
יחי הנשיא,ARTIST,RANDOM
יחיאל מיכל,ARTIST,ARTIST
יחל ישראל,ARTIST,ARTIST
ייאוש בעולם,ARTIST,RANDOM
יידי איינהורן,ARTIST,SONG
יידל אגדלך,ARTIST,SONG
יידל מתכונן,ARTIST,SONG
יידל מתרצה,ARTIST,SONG
יידל שירו,ARTIST,SONG
יידלך שריי,ARTIST,RANDOM
יידן יידן,ARTIST,RANDOM
ייטב דאלי,ARTIST,RANDOM
ייטב לב,ARTIST,ALBUM
יין גרפא,ARTIST,RANDOM
ילבשו צדק,ARTIST,ARTIST
ילד בעולם,ARTIST,RANDOM
ילד מאומץ,ARTIST,RANDOM
ילד פרסי,ARTIST,RANDOM
ילד צוחק,ARTIST,RANDOM
ילד קטן,ARTIST,RANDOM
ילדות נשכחת,ARTIST,ALBUM
ילדי היקרים,ARTIST,RANDOM
ילדי ישראל,ARTIST,SONG
ילדי משפחת מרקוביץ,ARTIST,RANDOM
ילדי שבח,ARTIST,SONG
ילדי שלי,ARTIST,RANDOM
ילדי תימן,ARTIST,RANDOM
ילה ילילי,ARTIST,RANDOM
יללת זאב,ARTIST,ARTIST
ים ביי,ARTIST,ARTIST
ים סוף,ARTIST,ARTIST
ים תיכוני,ARTIST,ARTIST
ימין עוז,ARTIST,ARTIST
ימלא משאלתינו,ARTIST,RANDOM
ינגל קוידינוב,ARTIST,ARTIST
ינון אלי,ARTIST,ARTIST
ינון שמו,ARTIST,ARTIST
יניב ריבלין,ARTIST,ARTIST
יניב-בן-משיח,ARTIST,ARTIST
ינקי דודל,ARTIST,RANDOM
יסוד צדיק,ARTIST,RANDOM
יסורי חברות,ARTIST,RANDOM
יעיר כנו,ARTIST,RANDOM
יעל מנדל,ARTIST,ARTIST
יעלה רימינוב,ARTIST,SONG
יענק'לה הכונס,ARTIST,RANDOM
יענקל דודל,ARTIST,RANDOM
יענקל פעסטער,ARTIST,ARTIST
יעצור אותי,ARTIST,RANDOM
יעקב - סאטמאר,ARTIST,ARTIST
יעקב אלחנן,ARTIST,ARTIST
יעקב בעלזא,ARTIST,ARTIST
יעקב חסד,ARTIST,ARTIST
יעקב טאליכאנער,ARTIST,ARTIST
יעקב טו,ARTIST,ARTIST
יעקב יח,ARTIST,ARTIST
יעקב ליצמן,ARTIST,ARTIST
יעקב מודזי'ץ,ARTIST,ARTIST
יעקב מרדכי מפולטובה,ARTIST,ARTIST
יעקב שיש,ARTIST,ARTIST
יעקב שער,ARTIST,ARTIST
יעקב תפרח,ARTIST,ARTIST
יעקב תשטו,ARTIST,ARTIST
יערב זיץ,ARTIST,SONG
יערב מנופת,ARTIST,SONG
יערת דבש,ARTIST,ARTIST
יפול מצדך,ARTIST,RANDOM
יפן ברחמיו,ARTIST,RANDOM
יפן הקלאסית,ARTIST,RANDOM
יפרדו דרכנו,ARTIST,ARTIST
יפרח בימיו,ARTIST,ARTIST
יפת עיניים,ARTIST,ARTIST
יפתח לבינו,ARTIST,ARTIST
יפתח ליבנו,ARTIST,ARTIST
יצווה חסדו,ARTIST,RANDOM
יצווה עמו,ARTIST,RANDOM
יצחק - קרית ספר,ARTIST,ARTIST
יצחק אלחנן שמאלה,ARTIST,ARTIST
יצחק הוניג,ARTIST,ARTIST
יצחק ורבקה,ARTIST,ARTIST
יצחק ישעי' דומ''ץ,ARTIST,ARTIST
יצחק סטום,ARTIST,ARTIST
יציאה לחופה,ARTIST,RANDOM
יציאת חירום,ARTIST,RANDOM
יציאת מצריים,ARTIST,RANDOM
יצירת קלאסיק,ARTIST,ALBUM
יצליח נשמה,ARTIST,ALBUM
יצר לך07,ARTIST,RANDOM
יקום פורקן,ARTIST,RANDOM
יקום פירקן,ARTIST,RANDOM
יקירי ירושלים,ARTIST,ALBUM
יקם במהרה,ARTIST,RANDOM
יר מי שלא,ARTIST,RANDOM
יראים שלחוני,ARTIST,RANDOM
יראת שמים,ARTIST,RANDOM
ירד לגנו,ARTIST,RANDOM
ירדה נשמה,ARTIST,ALBUM
ירוון מדשן,ARTIST,RANDOM
ירוחם שעיבי,ARTIST,ARTIST
ירון גרשובסקי,ARTIST,ARTIST
ירון-בר-שלהבת,ARTIST,ARTIST
ירוץ עבדך,ARTIST,SONG
ירושלמית שמחה,ARTIST,ARTIST
ירחמיאל (רוקי) זיגלר,ARTIST,ARTIST
ירחמיאל והפרחי,ARTIST,ARTIST
יריה אחת,ARTIST,RANDOM
יריח ירין,ARTIST,ARTIST
ירין קימור,ARTIST,ARTIST
ירמי'ה דמן,ARTIST,ARTIST
ירעד ליבי,ARTIST,SONG
יש@ שלומי,ARTIST,ARTIST
ישא ברכה,ARTIST,SONG
ישאלוני רעיוני,ARTIST,RANDOM
ישב ליד הסלע,ARTIST,RANDOM
ישב'ה בויס,ARTIST,RANDOM
ישובו הנה,ARTIST,SONG
ישי וליס,ARTIST,ARTIST
ישיבה בראשון,ARTIST,RANDOM
ישיבה גבוהה,ARTIST,RANDOM
ישיבה לחיים,ARTIST,ALBUM
ישיבה מתלצים,ARTIST,RANDOM
ישיבה עטרת,ARTIST,SONG
ישיבה שאולי,ARTIST,ARTIST
ישיבת ווטרברי,ARTIST,RANDOM
ישיבת קרעטשניף,ARTIST,RANDOM
ישלח אליהו,ARTIST,ARTIST
ישלח עזרך,ARTIST,RANDOM
ישעיה זאב טבק,ARTIST,ARTIST
ישראל אשדוד,ARTIST,ARTIST
ישראל אשר בך,ARTIST,ARTIST
ישראל בחיפה,ARTIST,ARTIST
ישראל בטח,ARTIST,ARTIST
ישראל ביינסאי,ARTIST,ARTIST
ישראל בלב,ARTIST,ALBUM
ישראל בלבבות,ARTIST,SONG
ישראל בלי,ARTIST,ALBUM
ישראל היפה,ARTIST,ARTIST
ישראל ויהודה,ARTIST,ARTIST
ישראל חזין,ARTIST,ARTIST
ישראל חי,ARTIST,ALBUM
ישראל חי שיר סול,ARTIST,ALBUM
ישראל חיפה,ARTIST,ARTIST
ישראל יצחקי,ARTIST,ARTIST
ישראל ישראל,ARTIST,ARTIST
ישראל לֹאוב,ARTIST,ARTIST
ישראל לאם,ARTIST,ARTIST
ישראל לשס,ARTIST,ARTIST
ישראל מאפטא,ARTIST,ARTIST
ישראל מודז'יץ,ARTIST,SONG
ישראל מודזיץ,ARTIST,ARTIST
ישראל נושע,ARTIST,ARTIST
ישראל עבדיך,ARTIST,ARTIST
ישראל עמך,ARTIST,ALBUM
ישראל צבי,ARTIST,ARTIST
ישראל צפת,ARTIST,ARTIST
ישראל שהציל,ARTIST,ARTIST
ישראל שלום,ARTIST,ARTIST
ישראל-וויגודה,ARTIST,ARTIST
ישתבך שמך,ARTIST,ALBUM
יתוש קטן,ARTIST,RANDOM
יתוש תמני,ARTIST,RANDOM
יתן לנשמתי,ARTIST,RANDOM
ך. ולדמן,ARTIST,ARTIST
כד יתבון,ARTIST,RANDOM
כהן לוי,ARTIST,ARTIST
כולי שלך,ARTIST,RANDOM
כורדי ברכבת,ARTIST,RANDOM
כחלום יעוף,ARTIST,RANDOM
כינור אנדלוס,ARTIST,ALBUM
כינור דוד,ARTIST,ARTIST
כיפה לייב,ARTIST,ARTIST
כיצד מגן,ARTIST,RANDOM
כיצד מרקדים,ARTIST,RANDOM
כיצד מרקדין,ARTIST,RANDOM
כיצד נוכל,ARTIST,RANDOM
כיתתית המשך,ARTIST,SONG
כלל ישראל,ARTIST,RANDOM
כמעט שפספסנו,ARTIST,RANDOM
כן יברך,ARTIST,RANDOM
כן ירבה,ARTIST,RANDOM
כנור דוד,ARTIST,ARTIST
כנור ירושלים,ARTIST,SONG
כעץ שתול,ARTIST,RANDOM
כפיים ליוצר,ARTIST,RANDOM
כפר טודרא,ARTIST,RANDOM
כציפור נודדת,ARTIST,RANDOM
כרטיס לא גנוב,ARTIST,RANDOM
כריסטופר קולומבוס,ARTIST,RANDOM
כרך נחמד,ARTIST,RANDOM
כשהגשם יורד,ARTIST,RANDOM
כשהייתי ילד,ARTIST,RANDOM
כשזושא רעב,ARTIST,RANDOM
כשישראל ביחד,ARTIST,ALBUM
כשמת אדם,ARTIST,RANDOM
כתמר יפרח,ARTIST,ARTIST
כ׳בין דיינס,ARTIST,RANDOM
ל. ולדמן,ARTIST,ARTIST
לָאָדָם וְלָאֵשׁ,ARTIST,RANDOM
לאה שבת,ARTIST,ALBUM
לאונטין פרייס,ARTIST,RANDOM
לאוניד בלקינד,ARTIST,ARTIST
לאופר מנגן,ARTIST,ARTIST
לאור ירח,ARTIST,RANDOM
לאור יװם,ARTIST,RANDOM
לאטקל_ה,ARTIST,RANDOM
לאיטליה באוטובוס,ARTIST,RANDOM
לאכול גרביים,ARTIST,RANDOM
לאל ברוך,ARTIST,ARTIST
לאלא להלה,ARTIST,RANDOM
לאלוקים דומי,ARTIST,RANDOM
לאמיר דערציליין,ARTIST,RANDOM
לאמיר שטייגן,ARTIST,RANDOM
לאן ברחו,ARTIST,RANDOM
לאנגזם פלדמן,ARTIST,ARTIST
לאנגער וועג,ARTIST,ARTIST
לב מרגיש,ARTIST,RANDOM
לב פתוח,ARTIST,ALBUM
לב צמא,ARTIST,ARTIST
לב שופכים,ARTIST,ALBUM
לבבי גועש,ARTIST,ARTIST
לבני אדום,ARTIST,RANDOM
לבני קורח,ARTIST,RANDOM
לבסומי בנצי,ARTIST,ARTIST
לגבי המשך,ARTIST,RANDOM
לגן עדן,ARTIST,ARTIST
לגן עדנו,ARTIST,RANDOM
לד חסדו,ARTIST,SONG
להגר_ד כהן,ARTIST,ARTIST
להצביע ברקת,ARTIST,ARTIST
להקת ''אי שם,ARTIST,ARTIST
להקת 'מעגלים,ARTIST,ARTIST
להקת דברים,ARTIST,ARTIST
להקת היהודי ''אי,ARTIST,ARTIST
להקת הנח,ARTIST,ARTIST
להקת הקיבוץ,ARTIST,ARTIST
להקת חסידים,ARTIST,ARTIST
להקת יום השמיני,ARTIST,ARTIST
להקת פריילך,ARTIST,ARTIST
להקת קול,ARTIST,ARTIST
להקת קול איש,ARTIST,ARTIST
להקת קרג'יושנקפיה,ARTIST,ARTIST
להקת רימונים,ARTIST,ARTIST
להקת שיר ושבח,ARTIST,ARTIST
להקת שיר חדש,ARTIST,ARTIST
להתחיל מהתחלה,ARTIST,RANDOM
לוחם יעקב,ARTIST,ARTIST
לוי ישראל,ARTIST,ARTIST
לויפן שאולי,ARTIST,ARTIST
לולי האמנתי,ARTIST,SONG
לומיר זיך,ARTIST,RANDOM
לוס ביבליקוס,ARTIST,RANDOM
לזרעך נתתי,ARTIST,RANDOM
לחביב מהלו,ARTIST,RANDOM
לחיים אידן,ARTIST,SONG
לחיים זיץ,ARTIST,ALBUM
לחיים קינדער,ARTIST,ALBUM
לטב לחיים,ARTIST,ALBUM
לי diaspora,ARTIST,RANDOM
לי ארצי,ARTIST,RANDOM
לי בלב,ARTIST,RANDOM
לי ברכה,ARTIST,RANDOM
לי ג'ואב,ARTIST,RANDOM
לי גוואב,ARTIST,RANDOM
לי האחד,ARTIST,RANDOM
לי זושא,ARTIST,RANDOM
לי כנרת,ARTIST,RANDOM
לי מזל,ARTIST,RANDOM
לי מיצרי,ARTIST,RANDOM
לי מלין,ARTIST,RANDOM
לי מנגן,ARTIST,RANDOM
לי נר,ARTIST,RANDOM
לי סיכוי,ARTIST,RANDOM
לי פודרה,ARTIST,RANDOM
לי פתח,ARTIST,RANDOM
לי קדושה,ARTIST,RANDOM
לי שערי,ARTIST,RANDOM
ליאון קורטילי,ARTIST,ARTIST
ליב דעהם,ARTIST,ARTIST
ליב האבן,ARTIST,RANDOM
ליבי בוער,ARTIST,SONG
ליבי במזרח,ARTIST,SONG
ליבי המר,ARTIST,SONG
ליבי ליבי,ARTIST,SONG
ליבי שם,ARTIST,RANDOM
ליבי שפכתי,ARTIST,SONG
ליבלה ולדמן,ARTIST,ARTIST
ליה בר הא הא,ARTIST,RANDOM
ליהודים גרין,ARTIST,SONG
ליהושע בן נון,ARTIST,ARTIST
ליהיא סגל,ARTIST,ARTIST
ליטל לשם,ARTIST,RANDOM
ליי יערב,ARTIST,RANDOM
לייב בבאר,ARTIST,SONG
לייב בקון,ARTIST,SONG
לייב וולדמן,ARTIST,ARTIST
לייבדיק אברהם,ARTIST,ARTIST
לייג דיין,ARTIST,ARTIST
לייז אונז,ARTIST,ARTIST
לייזר שוובר,ARTIST,ARTIST
ליישב כוכבי,ARTIST,RANDOM
לילי האמנתי,ARTIST,RANDOM
לילי הייתה,ARTIST,RANDOM
ליסטיג אן,ARTIST,ARTIST
ליעקב גור,ARTIST,ARTIST
ליפא אשר יצר,ARTIST,ARTIST
ליפא בזק,ARTIST,SONG
ליפא ביקר חולים,ARTIST,ARTIST
ליפא דיאט,ARTIST,SONG
ליפא דייטש,ARTIST,ARTIST
ליפא ופריד,ARTIST,SONG
ליפא שמע,ARTIST,SONG
לכובע שלי,ARTIST,RANDOM
לכטיגער שבת,ARTIST,ALBUM
לכך שניוטון,ARTIST,RANDOM
לכתחלה אריבער,ARTIST,RANDOM
ללא מורא,ARTIST,RANDOM
למדני חוקיך,ARTIST,SONG
למה ישבת,ARTIST,RANDOM
למוט רגלך,ARTIST,RANDOM
למען אחיי,ARTIST,SONG
למען יחלצון,ARTIST,SONG
למען ירבו,ARTIST,RANDOM
למען ציון,ARTIST,ARTIST
למען שמו,ARTIST,ALBUM
למען שמך,ARTIST,SONG
למענך להקת,ARTIST,ARTIST
למצוא חן,ARTIST,ARTIST
לעבעדיג יענק'ל,ARTIST,ALBUM
לעד צילצול,ARTIST,RANDOM
לעלוב צדקת,ARTIST,RANDOM
לפיד לחרדים,ARTIST,ARTIST
לפיכך התכנסנו,ARTIST,RANDOM
לפיכך יפארו,ARTIST,RANDOM
לפלח הרימון,ARTIST,RANDOM
לפסח שחל,ARTIST,RANDOM
לציון גואל,ARTIST,ARTIST
לצעוד לבד,ARTIST,ALBUM
לצעוד קדימה,ARTIST,RANDOM
לקא דיליה,ARTIST,RANDOM
לשון הטוב,ARTIST,RANDOM
לשון רמיה,ARTIST,RANDOM
לשוק הקריפטו,ARTIST,RANDOM
לשכת התעסוקה,ARTIST,RANDOM
לשכת עבודה,ARTIST,RANDOM
לשם שמיים,ARTIST,RANDOM
לשם שמים,ARTIST,ALBUM
לשפה שרגילים,ARTIST,RANDOM
מ איליייק,ARTIST,RANDOM
מ ב ד,ARTIST,RANDOM
מ ב ד 11,ARTIST,SONG
מ ב ד בספר חיים,ARTIST,ARTIST
מ ב ד היום הרת,ARTIST,SONG
מ ב ד וחוסה,ARTIST,RANDOM
מ ב ד ומוטי,ARTIST,SONG
מ ב ד יום תרועה,ARTIST,RANDOM
מ ב ד מובדלים,ARTIST,SONG
מ ב ד פתח,ARTIST,RANDOM
מ גולדמן,ARTIST,ARTIST
מ זוכט,ARTIST,RANDOM
מ זיידמן,ARTIST,ARTIST
מ מאזוז,ARTIST,RANDOM
מ. אלכסנדרוביץ,ARTIST,RANDOM
מ. בן מור,ARTIST,ARTIST
מ. ג'רופי,ARTIST,ARTIST
מ. חופה,ARTIST,RANDOM
מ. טסה,ARTIST,SONG
מ. ירדני,ARTIST,ARTIST
מ. ישיבש,ARTIST,RANDOM
מ. כניסה,ARTIST,RANDOM
מ. לאופר,ARTIST,ARTIST
מ. פתיחה,ARTIST,SONG
מ. ק. - שטייגען,ARTIST,RANDOM
מ. ש. ברוכשטט,ARTIST,RANDOM
מ.ב. קאהן,ARTIST,ARTIST
מ.ל,ARTIST,RANDOM
מ.ק.©,ARTIST,RANDOM
מאד בפי,ARTIST,RANDOM
מאד נעלה,ARTIST,RANDOM
מאה פעמים,ARTIST,RANDOM
מאהל געטאנצען,ARTIST,RANDOM
מאוחדים להצלה,ARTIST,RANDOM
מאור פנים,ARTIST,ARTIST
מאור שלמה,ARTIST,ARTIST
מאי דהוה,ARTIST,RANDOM
מאי דחזי,ARTIST,RANDOM
מאי מאי,ARTIST,RANDOM
מאי פיאמנטה,ARTIST,RANDOM
מאי שבת,ARTIST,ALBUM
מאין באת,ARTIST,RANDOM
מאין תבואה,ARTIST,RANDOM
מאיר אומר,ARTIST,RANDOM
מאיר אורבך,ARTIST,ARTIST
מאיר הדלר הורה,ARTIST,ARTIST
מאיר טוביה,ARTIST,ARTIST
מאיר ל מיין קינד,ARTIST,ARTIST
מאיר לוריא,ARTIST,ARTIST
מאיר שיר למעלות,ARTIST,ARTIST
מאך שוין,ARTIST,RANDOM
מאל געטאנצט,ARTIST,ARTIST
מאמעס געבעט,ARTIST,RANDOM
מארגן שעפעלע,ARTIST,RANDOM
מארי קירי,ARTIST,RANDOM
מבחן ללהקת,ARTIST,RANDOM
מבט אחרון,ARTIST,ALBUM
מבניני זופניק,ARTIST,ARTIST
מברני באהבה,ARTIST,SONG
מבתי זופניק,ARTIST,ARTIST
מגדיל ישועות,ARTIST,RANDOM
מגה מיקס,ARTIST,SONG
מגן דוד,ARTIST,ARTIST
מגן ישעי,ARTIST,ARTIST
מגן ישראל,ARTIST,ARTIST
מדארף רידערן,ARTIST,RANDOM
מדינה סוערת,ARTIST,ARTIST
מדע מהיר,ARTIST,RANDOM
מדענים אשר,ARTIST,ARTIST
מהדר חתן,ARTIST,SONG
מהו גן,ARTIST,RANDOM
מהו שבת,ARTIST,ALBUM
מהישיבה בעיר,ARTIST,RANDOM
מהסלון זושא,ARTIST,ARTIST
מהר יקדמונו,ARTIST,RANDOM
מהר ליהודה,ARTIST,RANDOM
מהר ענני,ARTIST,RANDOM
מהרב אשלג,ARTIST,RANDOM
מודי שפירא,ARTIST,ARTIST
מודים אנחנו,ARTIST,ALBUM
מודלים שגויים,ARTIST,RANDOM
מוז רעדן,ARTIST,RANDOM
מוטי שטיין,ARTIST,ARTIST
מוטי שטימניץ,ARTIST,ARTIST
מוטי-שיין,ARTIST,ARTIST
מוישל'ה גנב,ARTIST,RANDOM
מויתור לשידוך,ARTIST,RANDOM
מוכרח להיות,ARTIST,RANDOM
מול קלי,ARTIST,RANDOM
מולאן רוז,ARTIST,ARTIST
מונופול והעתיד,ARTIST,RANDOM
מונסי להכניס,ARTIST,RANDOM
מוסיקה אלקטרונית,ARTIST,ALBUM
מוקפת מלאכים,ARTIST,RANDOM
מור זיכרון,ARTIST,ARTIST
מור-,ARTIST,ARTIST
מורי (מרדכי,ARTIST,ARTIST
מורי סאלם,ARTIST,ARTIST
מושגי יסוד,ARTIST,RANDOM
מזבח חדש,ARTIST,RANDOM
מזלט משה,ARTIST,ARTIST
מזמן לזמן,ARTIST,RANDOM
מחדר ייחוד,ARTIST,RANDOM
מחוף לחוף,ARTIST,RANDOM
מחיה מתים,ARTIST,RANDOM
מחלת קרינה,ARTIST,RANDOM
מחמן פלימר,ARTIST,ARTIST
מחניך קדוש,ARTIST,ARTIST
מחפש מנוח,ARTIST,ARTIST
מחפש מרגוע,ARTIST,RANDOM
מחקרים מדעיים,ARTIST,RANDOM
מחר בבוקר,ARTIST,RANDOM
מיאמי משך,ARTIST,SONG
מיה דגן,ARTIST,ARTIST
מיהו החכם,ARTIST,RANDOM
מיוזיקפה סופרגרופ,ARTIST,RANDOM
מיור בלומנברג,ARTIST,RANDOM
מיטן חסיד,ARTIST,ARTIST
מיטן פידל,ARTIST,RANDOM
מיטן קינד,ARTIST,RANDOM
מיי דהוה,ARTIST,RANDOM
מיילך בראנדמארק,ARTIST,ARTIST
מיילך טאנץ,ARTIST,ARTIST
מייק התרנגול,ARTIST,ARTIST
מיכאל שמחי,ARTIST,ARTIST
מיכאל_דבורקין,ARTIST,RANDOM
מיכה עבדך,ARTIST,ARTIST
מיכל זלאטשובער,ARTIST,ARTIST
מיכל מזלאטשיב,ARTIST,ARTIST
מיכל נתן,ARTIST,ARTIST
מילי ד'שטותא,ARTIST,RANDOM
מילי דשטותא,ARTIST,RANDOM
מילי דשתותא,ARTIST,RANDOM
מיליון שנה,ARTIST,RANDOM
מים בששון,ARTIST,ALBUM
מינור מדור,ARTIST,RANDOM
מיץ עובש,ARTIST,RANDOM
מיצלתיים במירון,ARTIST,ALBUM
מיקי בודאי,ARTIST,ARTIST
מיר אידן,ARTIST,SONG
מיר זענען,ARTIST,SONG
מיר מיינען,ARTIST,SONG
מירון דרוזי,ARTIST,ARTIST
מירון הורה,ARTIST,SONG
מירון עתיק,ARTIST,ARTIST
מירי קרימולובסקי,ARTIST,ARTIST
מירי רגב,ARTIST,ARTIST
מכוון זושא,ARTIST,ARTIST
מכין המוציא,ARTIST,RANDOM
מל מלכי,ARTIST,RANDOM
מלאו אסמינו,ARTIST,RANDOM
מלאכי השרת,ARTIST,ARTIST
מלאכי רחמים,ARTIST,ARTIST
מלאכי שמיים,ARTIST,ARTIST
מלאכי שמים,ARTIST,ARTIST
מלבדו מזרחי,ARTIST,ARTIST
מלה טבה,ARTIST,RANDOM
מלחמת המפרץ,ARTIST,RANDOM
מלך גואל,ARTIST,ALBUM
מלך טלאור,ARTIST,SONG
מלך מלכי,ARTIST,SONG
מלך פראנק,ARTIST,SONG
מלך רם,ARTIST,ARTIST
מלך שהשלום,ARTIST,ALBUM
מלכא דעלמא,ARTIST,ARTIST
מלכה'לה-ש. גרטנר,ARTIST,ARTIST
מלכהל'ה קומטנץ,ARTIST,RANDOM
מלכותו ברצון,ARTIST,ALBUM
מלכותו נצח,ARTIST,ALBUM
מלכנו פתח,ARTIST,SONG
מלכנו שמע,ARTIST,SONG
ממיסדי סייבריזון,ARTIST,RANDOM
ממש בסוף,ARTIST,RANDOM
ממש מוגזם,ARTIST,RANDOM
מן המיצר,ARTIST,RANDOM
מנגינה אלוהית,ARTIST,SONG
מנגינה אתנית,ARTIST,SONG
מנגינה יפה,ARTIST,RANDOM
מנגינה יקרה,ARTIST,SONG
מנגינה מוטעמת,ARTIST,SONG
מנגינה משוגעת,ARTIST,SONG
מנגינה פריד,ARTIST,SONG
מנגינה רומנית,ARTIST,SONG
מנדי ג_רופי,ARTIST,ARTIST
מנדי ג׳י,ARTIST,ARTIST
מנדי וויס,ARTIST,ARTIST
מנדי וורצברגר,ARTIST,ARTIST
מנדי מילר,ARTIST,ARTIST
מנדי מנדי,ARTIST,ARTIST
מנדי קרלנשטיין,ARTIST,ARTIST
מנהגי התם,ARTIST,RANDOM
מנהלי לב שומע,ARTIST,ALBUM
מנוחה וקדושה,ARTIST,SONG
מנוחה קרליבך,ARTIST,SONG
מנועי משחקים,ARTIST,RANDOM
מנורת זהב,ARTIST,ALBUM
מנחם משיב,ARTIST,ARTIST
מסור שרשרת,ARTIST,RANDOM
מסע צלב,ARTIST,ALBUM
מספרי טלפון,ARTIST,RANDOM
מסתוריות שאין,ARTIST,RANDOM
מסתורין במצולות,ARTIST,RANDOM
מעוז צור,ARTIST,ARTIST
מעוז ציר,ARTIST,ARTIST
מעון ביתך,ARTIST,RANDOM
מעיורון לחתונה,ARTIST,ALBUM
מעיין החיים,ARTIST,ALBUM
מעיין חיים,ARTIST,ARTIST
מעמע שניצלער,ARTIST,RANDOM
מען טרעפט,ARTIST,RANDOM
מענדי בריעטא,ARTIST,ARTIST
מענטש טראכט,ARTIST,RANDOM
מענטשעלע טראכט,ARTIST,RANDOM
מערבולת באקרופוליס,ARTIST,RANDOM
מצאנז קלויזענבורג,ARTIST,RANDOM
מצוה גדולה,ARTIST,RANDOM
מצוה גוררת,ARTIST,RANDOM
מצוה טאנז,ARTIST,SONG
מצוה קליגר,ARTIST,ARTIST
מצוה רביעית,ARTIST,SONG
מצווה גדולה,ARTIST,RANDOM
מציל אותי,ARTIST,RANDOM
מצילתיים במירון,ARTIST,ALBUM
מצליח בעולם,ARTIST,RANDOM
מצליח משיח,ARTIST,ARTIST
מקבץ מלכותי,ARTIST,RANDOM
מקהלת אזמרה ישראל,ARTIST,ARTIST
מקהלת היהודים בשבי,ARTIST,ARTIST
מקהלת היהודים תחת כישוף,ARTIST,ARTIST
מקהלת הילדים SBC בלהיט חדש ומקפיץ,ARTIST,ARTIST
מקהלת הילדים מגישה יצירה,ARTIST,ARTIST
מקהלת הילדים משאלות,ARTIST,ARTIST
מקהלת הכנסת,ARTIST,ARTIST
מקהלת הללו,ARTIST,ARTIST
מקהלת חסידי סערט,ARTIST,ARTIST
מקהלת ישיבה,ARTIST,ARTIST
מקהלת ישלצ,ARTIST,ARTIST
מקהלת כיסופין,ARTIST,ARTIST
מקהלת כל חברים,ARTIST,ARTIST
מקהלת משוררים,ARTIST,ARTIST
מקהלת נפשות ישראל,ARTIST,ARTIST
מקהלת עם,ARTIST,ARTIST
מקהלת פילהרמונה,ARTIST,ARTIST
מקהלת ת ת מנחם,ARTIST,ARTIST
מקהלת תו''א,ARTIST,ARTIST
מקהלת-משאלות,ARTIST,ARTIST
מקהלת_מלכות_,ARTIST,RANDOM
מקווה הארי,ARTIST,ARTIST
מקל אשאלה,ARTIST,RANDOM
מקס ברוך,ARTIST,ARTIST
מר חשון,ARTIST,RANDOM
מר ישראל,ARTIST,RANDOM
מראה כהן,ARTIST,ARTIST
מרג_,ARTIST,RANDOM
מרדכי היהודי,ARTIST,ARTIST
מרדכי ויידל,ARTIST,ARTIST
מרדכי יואל,ARTIST,ARTIST
מרדכי יצא,ARTIST,ARTIST
מרדכי מאיר,ARTIST,ARTIST
מרדכי מנדבורנא,ARTIST,ARTIST
מרדכי-יצהר,ARTIST,ARTIST
מרטין שקרלי,ARTIST,ARTIST
מרקדים באודיסה,ARTIST,RANDOM
מרקו פולו,ARTIST,ARTIST
מרש גור,ARTIST,ARTIST
מרש מילוקי,ARTIST,ARTIST
מרש ריקוד,ARTIST,SONG
משאת כפי,ARTIST,RANDOM
משאת נפש,ARTIST,RANDOM
משברי הים,ARTIST,RANDOM
משגב אמהות,ARTIST,ARTIST
משה בן יוכבד,ARTIST,ARTIST
משה גאון,ARTIST,ARTIST
משה גברא,ARTIST,ARTIST
משה ד. קוסביצקי,ARTIST,ARTIST
משה דוד,ARTIST,ARTIST
משה דוד ויסמאן,ARTIST,ARTIST
משה הרצל,ARTIST,ARTIST
משה וילנקר,ARTIST,ARTIST
משה וינטרויב,ARTIST,ARTIST
משה זכה,ARTIST,ARTIST
משה ידו,ARTIST,ARTIST
משה כ''ץ,ARTIST,ARTIST
משה כהנא,ARTIST,ARTIST
משה לאופער,ARTIST,ARTIST
משה לוּק,ARTIST,RANDOM
משה לונבראון,ARTIST,ARTIST
משה לייב,ARTIST,ARTIST
משה לייזרוק,ARTIST,ARTIST
משה מונטיפיורי,ARTIST,ARTIST
משה מרדכי,ARTIST,ARTIST
משה סורקיס,ARTIST,ARTIST
משה סערט,ARTIST,ARTIST
משה עבדי,ARTIST,ARTIST
משה פועלט,ARTIST,ARTIST
משה פייגלין,ARTIST,ARTIST
משה צבי,ARTIST,ARTIST
משה קבל,ARTIST,ARTIST
משה קיבל,ARTIST,ARTIST
משה רבינו,ARTIST,ARTIST
משה רבנו,ARTIST,RANDOM
משה שטארך,ARTIST,ARTIST
משה שטקל,ARTIST,ARTIST
משה שטרנבוך,ARTIST,ARTIST
משה שלו,ARTIST,ARTIST
משה'לה,ARTIST,ARTIST
משה-פלד,ARTIST,ARTIST
משה-קליין,ARTIST,ARTIST
משה_קליין,ARTIST,RANDOM
משהס מקרעמנצוג,ARTIST,RANDOM
משיח בן דוד,ARTIST,ARTIST
משיח הזקן,ARTIST,ARTIST
משיח יביא,ARTIST,ARTIST
משיח יגיע,ARTIST,ARTIST
משיח קומט,ARTIST,ALBUM
משיחי שקר,ARTIST,RANDOM
משיכה פנימית,ARTIST,RANDOM
משך נעם,ARTIST,RANDOM
משכבי בלילות,ARTIST,RANDOM
משכן אשר,ARTIST,ARTIST
משכן שלום,ARTIST,ARTIST
משפ' לפקוביץ,ARTIST,ARTIST
משפחת קלצקו,ARTIST,ARTIST
משפט אייכמן,ARTIST,RANDOM
משפט בבודפסט,ARTIST,RANDOM
מתי באמת,ARTIST,RANDOM
מתי ווען,ARTIST,SONG
מתי יבושר,ARTIST,SONG
מתי יוודע,ARTIST,SONG
מתי יתוודע,ARTIST,SONG
מתי לחזור,ARTIST,SONG
מתי נתנשק,ARTIST,SONG
מתכלית הירידה,ARTIST,RANDOM
מתן הדאיה,ARTIST,ARTIST
מתעורר לחיים,ARTIST,ALBUM
מתתיהו גייט,ARTIST,ARTIST
נאלמתי דומיה,ARTIST,RANDOM
נאמן אתה,ARTIST,RANDOM
נאסר כליפה,ARTIST,RANDOM
נבואי קוסמי,ARTIST,RANDOM
נביט לשמים,ARTIST,RANDOM
נגד פפסי,ARTIST,RANDOM
נגון דאנסס,ARTIST,RANDOM
נגון הלב,ARTIST,RANDOM
נגון חתן,ARTIST,SONG
נגון לשבת,ARTIST,ALBUM
נגון שמחה,ARTIST,ARTIST
נגון תתברך,ARTIST,RANDOM
נגוני שמחה,ARTIST,ARTIST
נגלית גרליץ,ARTIST,RANDOM
נגנו לאל,ARTIST,ARTIST
נגנו לי,ARTIST,RANDOM
נדב ״ו,ARTIST,ARTIST
נדבורנה י-ם,ARTIST,ARTIST
נדבורנה ירושלים,ARTIST,ALBUM
נדבר אמת,ARTIST,RANDOM
נדבר מחר,ARTIST,RANDOM
נדודים נדודים,ARTIST,RANDOM
נדיר יזרעאל,ARTIST,ARTIST
נדר לאלוקי,ARTIST,RANDOM
נהגי מונית,ARTIST,RANDOM
נהיגה מרוקאי,ARTIST,RANDOM
נהיגה...,ARTIST,RANDOM
נו נו,ARTIST,RANDOM
נובו שיראזה,ARTIST,RANDOM
נודה לשימך,ARTIST,RANDOM
נודה לשמך,ARTIST,SONG
נודע ביהודה,ARTIST,RANDOM
נודעת להם,ARTIST,RANDOM
נווד נתי,ARTIST,ARTIST
נווה קיץ,ARTIST,ARTIST
נווה תלאות,ARTIST,SONG
נוי פדלון,ARTIST,ARTIST
נוי צריצי,ARTIST,ARTIST
נוירון מוסיף,ARTIST,RANDOM
נומי בפרסית,ARTIST,RANDOM
נומי נומי,ARTIST,RANDOM
נון טרופו,ARTIST,ARTIST
נוס נוס,ARTIST,RANDOM
נוסה נוסה,ARTIST,RANDOM
נוסטלגיה ישראלית,ARTIST,ALBUM
נועם התורה,ARTIST,ALBUM
נועם נתיב,ARTIST,ARTIST
נועם שבת,ARTIST,ALBUM
נוער מצויין,ARTIST,RANDOM
נוער מתבולל,ARTIST,RANDOM
נוף קסום,ARTIST,RANDOM
נופיה ידידיה,ARTIST,ARTIST
נוקיה טרנס,ARTIST,RANDOM
נור אמונה,ARTIST,SONG
נורא ונשגב,ARTIST,RANDOM
נורא עלילא,ARTIST,RANDOM
נורה נורה,ARTIST,RANDOM
נושא תפילה,ARTIST,ALBUM
נותנת חיים,ARTIST,ARTIST
נח ברוסית,ARTIST,ARTIST
נחום איש גמזו,ARTIST,ARTIST
נחל רענן,ARTIST,ARTIST
נחמן אלחדד,ARTIST,ARTIST
נחמן בן פייגא,ARTIST,ARTIST
נחמן וילהלם,ARTIST,ARTIST
נחמן חתונה,ARTIST,SONG
נחמן טראנס,ARTIST,ARTIST
נחמן מתקן,ARTIST,ARTIST
נחמן נחמן,ARTIST,ARTIST
נחמן צמח,ARTIST,ARTIST
נחמן שומר,ARTIST,ARTIST
נחש פיתון,ARTIST,RANDOM
נחשף לראשונה,ARTIST,RANDOM
נחשפה אהרלה,ARTIST,ARTIST
ניב שפתינו,ARTIST,ARTIST
ניגו עתיק,ARTIST,RANDOM
ניגו קדיש,ARTIST,RANDOM
ניגני מירון,ARTIST,ARTIST
ניו יארק,ARTIST,ALBUM
ניו יורק,ARTIST,ALBUM
ניחוח אורי,ARTIST,ARTIST
נייט נייט,ARTIST,RANDOM
נייט ניקאוו,ARTIST,RANDOM
נייע יאר,ARTIST,ARTIST
נייער וועג,ARTIST,ARTIST
נייער יאר,ARTIST,ARTIST
נינזלר שר,ARTIST,RANDOM
נינט טייב,ARTIST,ARTIST
ניסוו סלוב,ARTIST,ARTIST
ניסיון להבנת,ARTIST,RANDOM
ניסים לעיני,ARTIST,ARTIST
ניסים ניסים,ARTIST,ARTIST
ניסן יוסט,ARTIST,ARTIST
ניסן עו,ARTIST,ARTIST
ניסן עז,ARTIST,ARTIST
ניצחון צודק,ARTIST,RANDOM
ניקולאייב קאפליה,ARTIST,RANDOM
ניקלואי גדה,ARTIST,RANDOM
ניר פקין,ARTIST,ARTIST
נישא תפילה,ARTIST,ALBUM
נישט גדעייגט,ARTIST,RANDOM
ניתן להפריד,ARTIST,RANDOM
נכבש הרי,ARTIST,RANDOM
נכון ליבי,ARTIST,SONG
נלי בליי,ARTIST,RANDOM
נלך עימך,ARTIST,RANDOM
נלמד לתת,ARTIST,RANDOM
נמואל -,ARTIST,ARTIST
נמואל אמונה,ARTIST,ALBUM
נמואל בסינגל,ARTIST,SONG
נמואל וארי,ARTIST,ARTIST
נמואל ודני,ARTIST,RANDOM
נמואל והיה,ARTIST,RANDOM
נמואל לסינגל,ARTIST,ARTIST
נמואל מבצע וידרקר,ARTIST,ARTIST
נמואל קול דודי,ARTIST,SONG
נמוך נמוך,ARTIST,RANDOM
נמר בגבעתיים,ARTIST,ARTIST
נמרוד בק,ARTIST,ARTIST
ננה אריאל,ARTIST,ARTIST
נס הויז,ARTIST,ARTIST
נס טרער,ARTIST,ARTIST
נס סבג,ARTIST,ARTIST
נס ציונה,ARTIST,ARTIST
נסיך דנמרק,ARTIST,RANDOM
נסיעה ארוכה,ARTIST,RANDOM
נסראלה.,ARTIST,RANDOM
נסרלה ילהלהפרישמן,ARTIST,RANDOM
נעימה ירושלמית,ARTIST,RANDOM
נעימה צוענית,ARTIST,RANDOM
נעימת הזקן,ARTIST,RANDOM
נעימת השלום,ARTIST,SONG
נעימת סיום,ARTIST,SONG
נעימת ערבית,ARTIST,RANDOM
נעימת פתיחה,ARTIST,RANDOM
נעליים חדשות,ARTIST,RANDOM
נעלמה במצולות,ARTIST,RANDOM
נעם עס אהן,ARTIST,RANDOM
נפל חלל,ARTIST,RANDOM
נפלאות בריאה,ARTIST,RANDOM
נפלתי קמתי,ARTIST,SONG
נפש חזקה,ARTIST,RANDOM
נפשנו חיכתה,ARTIST,RANDOM
נפשנו חכתה,ARTIST,RANDOM
נפשנו כציפור,ARTIST,RANDOM
נפתלי דוד,ARTIST,ARTIST
נפתלי וגלעד,ARTIST,ARTIST
נצור לשונך,ARTIST,SONG
נצח ישראל,ARTIST,ARTIST
נקוב לב,ARTIST,ALBUM
נקם פעמיו,ARTIST,RANDOM
נר זרח,ARTIST,RANDOM
נר נשמה,ARTIST,ALBUM
נר רגלי,ARTIST,RANDOM
נר שבת,ARTIST,ALBUM
נראתה לאחרונה,ARTIST,RANDOM
נרדי נתן,ARTIST,ARTIST
נריה חובב,ARTIST,ARTIST
נרננה בישועתך,ARTIST,SONG
נרננה מציגה,ARTIST,SONG
נרננה קרליבך,ARTIST,SONG
נרקיס הולכת,ARTIST,ARTIST
נרקיס שדות,ARTIST,ARTIST
נשוב אליך,ARTIST,ALBUM
נשיא איראן,ARTIST,ARTIST
נתאי מתתיה,ARTIST,RANDOM
נתי הופמן,ARTIST,ARTIST
נתי חסיד,ARTIST,ARTIST
נתי שיש,ARTIST,RANDOM
נתיב חיי,ARTIST,ARTIST
נתינה מולידה,ARTIST,RANDOM
נתן חביבי,ARTIST,ARTIST
נתן לרבינו,ARTIST,ARTIST
נתנאל בין,ARTIST,RANDOM
נתנאל בסינגל,ARTIST,ARTIST
נתנאל טולדנו,ARTIST,ARTIST
נתניהו מודל,ARTIST,ARTIST
נתת לי,ARTIST,RANDOM
ס אריין,ARTIST,ARTIST
ס טאכטער,ARTIST,RANDOM
ס פענסטער,ARTIST,RANDOM
סאיז גיווען,ARTIST,RANDOM
סאלא קאקאש,ARTIST,RANDOM
סאלי זיעא,ARTIST,ARTIST
סאמעט בתקליט,ARTIST,ARTIST
סבאלה זקן,ARTIST,RANDOM
סביב עיניך,ARTIST,RANDOM
סבתא ממנה,ARTIST,RANDOM
סבתא סולטנא,ARTIST,RANDOM
סבתא סולטנה,ARTIST,RANDOM
סבתא סולתנה,ARTIST,RANDOM
סגולת הגבינה,ARTIST,RANDOM
סגל_05,ARTIST,RANDOM
סהרה (חי בלייב פארק,ARTIST,ALBUM
סודות סקווירא,ARTIST,ALBUM
סוויטת דביקות,ARTIST,ALBUM
סוויטת ליובביץ,ARTIST,RANDOM
סול איי,ARTIST,ARTIST
סוס ורכבו,ARTIST,RANDOM
סוס טרויאני,ARTIST,RANDOM
סוף אחר,ARTIST,RANDOM
סוף דבר,ARTIST,RANDOM
סוף הסדר,ARTIST,RANDOM
סוף השבוע,ARTIST,RANDOM
סוף זמן,ARTIST,RANDOM
סוף מוסף,ARTIST,ALBUM
סוף קיץ,ARTIST,RANDOM
סופר סטאר,ARTIST,ARTIST
סורו ממני,ARTIST,RANDOM
סטאו יא פיטו,ARTIST,RANDOM
סטייט מנג׳מנט,ARTIST,RANDOM
סי געווען,ARTIST,RANDOM
סידור קידושין,ARTIST,RANDOM
סידר קידושין,ARTIST,RANDOM
סיון עז,ARTIST,ARTIST
סיי הלו,ARTIST,RANDOM
סימן טוב,ARTIST,ALBUM
סימן_טוב,ARTIST,RANDOM
סימפוזיון באר,ARTIST,ARTIST
סימפוזיון ישיבת,ARTIST,RANDOM
סימפוזיון ישיבת תורת זאב,ARTIST,ARTIST
סימפוזיון משטר,ARTIST,RANDOM
סינג'ל קופש,ARTIST,RANDOM
סיני ורוחי,ARTIST,ARTIST
סיעת גל,ARTIST,ARTIST
סיפורי מעשיות,ARTIST,RANDOM
סכיזופרניה בחצר,ARTIST,ALBUM
סכנת שיעמום,ARTIST,RANDOM
סלאם עליכום,ARTIST,RANDOM
סלט קומבינה,ARTIST,RANDOM
סמי גרוסמן,ARTIST,ARTIST
סמעת צותך,ARTIST,RANDOM
סנטרליה בוערת,ARTIST,RANDOM
סעדיה גאון,ARTIST,ARTIST
סעודה קלאסי,ARTIST,RANDOM
סעודה שלישית,ARTIST,RANDOM
סעיב עלייה,ARTIST,RANDOM
סענדוויטש סיסטעם,ARTIST,RANDOM
סער וילף,ARTIST,ARTIST
ספורי מעשיות,ARTIST,RANDOM
ספייקי אפל'ס,ARTIST,RANDOM
ספינקא עייזר,ARTIST,RANDOM
ספיר סבן,ARTIST,ARTIST
ספר מזויף,ARTIST,RANDOM
ספרי תמה,ARTIST,RANDOM
סקספון אלוף,ARTIST,RANDOM
סרט ויזניץ,ARTIST,RANDOM
סרטי אימה,ARTIST,RANDOM
סרטי דוקו,ARTIST,RANDOM
סתלבט בקיבוץ,ARTIST,RANDOM
סתם דיכאון,ARTIST,RANDOM
ע. רן,ARTIST,ARTIST
עבד נרצה,ARTIST,RANDOM
עבודת החג,ARTIST,RANDOM
עבודת צדקה,ARTIST,RANDOM
עבר קציר,ARTIST,ARTIST
עובד מהבית,ARTIST,ARTIST
עובד מחשב,ARTIST,ARTIST
עובד מנוע,ARTIST,ARTIST
עובדיה יוסף,ARTIST,ARTIST
עובדיה פאה,ARTIST,ARTIST
עובדיה צוחק,ARTIST,ARTIST
עובדיה שליט,ARTIST,ARTIST
עוגה עוגה,ARTIST,RANDOM
עוד אבנך,ARTIST,RANDOM
עוד טיפה,ARTIST,RANDOM
עודני ילד,ARTIST,RANDOM
עודני שר,ARTIST,RANDOM
עוז לאלוקים,ARTIST,ARTIST
עוז לעמו,ARTIST,ARTIST
עוזי אליך,ARTIST,ARTIST
עוזיהו אלי,ARTIST,ARTIST
עוכר שמחה,ARTIST,ARTIST
עולה אביעד,ARTIST,ARTIST
עולו אושפוזין,ARTIST,SONG
עומר כילף,ARTIST,ARTIST
עומר עגיב,ARTIST,ARTIST
עוסקים בתורה,ARTIST,RANDOM
עופי נט,ARTIST,RANDOM
עופר האיילים,ARTIST,ARTIST
עוצרי נשימה,ARTIST,RANDOM
עורה כבודי,ARTIST,RANDOM
עורו קומו,ARTIST,SONG
עורי עורי,ARTIST,RANDOM
עושין תשובה,ARTIST,RANDOM
עז כנמר,ARTIST,ARTIST
עז לתיש,ARTIST,ARTIST
עזות דקדושה,ARTIST,RANDOM
עזי ג'יג,ARTIST,RANDOM
עזי עזי,ARTIST,ARTIST
עזר עזר,ARTIST,ARTIST
עזרא הסופר,ARTIST,ARTIST
עזרי מעם,ARTIST,RANDOM
עזרי עזרי,ARTIST,ARTIST
עזרת פיקי,ARTIST,RANDOM
עידו ספרותי,ARTIST,ARTIST
עייף מדי,ARTIST,RANDOM
עיל שבתא,ARTIST,RANDOM
עילי_בוטנר,ARTIST,RANDOM
עיקר א -,ARTIST,RANDOM
עיקר ג - שלילת,ARTIST,RANDOM
עיר גבוה,ARTIST,RANDOM
עיר האמת,ARTIST,RANDOM
עיר ציון,ARTIST,ARTIST
עירבוב שירי,ARTIST,ALBUM
עירין קדישין,ARTIST,SONG
עיתים לתורה,ARTIST,RANDOM
עלזו רעי,ARTIST,ARTIST
עלי אור,ARTIST,RANDOM
עלי באר,ARTIST,RANDOM
עלי גמל,ARTIST,RANDOM
עלי כת,ARTIST,RANDOM
עלי שיח,ARTIST,RANDOM
עליון אגדלך,ARTIST,ALBUM
עליון נורא,ARTIST,RANDOM
עליזה בלוך,ARTIST,ARTIST
עליזה לביא,ARTIST,ARTIST
עליך אלוקיך,ARTIST,RANDOM
עלמה זק,ARTIST,ARTIST
עמאר עם,ARTIST,RANDOM
עמאר שמח,ARTIST,ALBUM
עמי - בעלז,ARTIST,ARTIST
עמי בבקשתי,ARTIST,ARTIST
עמי גל,ARTIST,ARTIST
עמי לוטבק,ARTIST,ARTIST
עמי נגר,ARTIST,ARTIST
עמי עמי,ARTIST,ARTIST
עמית ניסנבאום,ARTIST,ARTIST
עמית קרפ,ARTIST,ARTIST
עמך ישראל,ARTIST,ARTIST
עמל חיינו,ARTIST,RANDOM
עמנואל תהילה,ARTIST,ARTIST
עמרי לביא,ARTIST,ARTIST
עני קרא,ARTIST,RANDOM
עניא (וקטעי,ARTIST,RANDOM
עניין מקומי,ARTIST,RANDOM
עניך לרקיע,ARTIST,RANDOM
עס ברענט,ARTIST,RANDOM
עס גיין,ARTIST,RANDOM
עסוק ...,ARTIST,RANDOM
עסק ביש,ARTIST,RANDOM
עפיפון קטן,ARTIST,RANDOM
עצה חדשה,ARTIST,RANDOM
עצוב אדם,ARTIST,RANDOM
עצי הזית,ARTIST,RANDOM
עצי זית,ARTIST,RANDOM
עצם זר),ARTIST,RANDOM
עקדת יצחק,ARTIST,ARTIST
עקוב אחרי,ARTIST,RANDOM
עקיבא -,ARTIST,ARTIST
עקיבא - אל תאזבי,ARTIST,SONG
עקיבא - פשוטים,ARTIST,SONG
עקיבא - רבה אמונתך,ARTIST,ARTIST
עקיבא - שלום בבית,ARTIST,ARTIST
עקיבא בן מהללאל,ARTIST,ARTIST
עקיבא התבודדות,ARTIST,ARTIST
עקיבא שניצלער,ARTIST,ARTIST
עקיבא שר,ARTIST,ARTIST
עקיבא תורג מן,ARTIST,ARTIST
עקיבא,ARTIST,ARTIST
עקיבה גלב,ARTIST,ARTIST
עקידת יצחק,ARTIST,ARTIST
ערבי טברייני,ARTIST,RANDOM
ערבי כינור,ARTIST,ALBUM
ערבי נוצרי,ARTIST,RANDOM
ערד שוואט,ARTIST,ARTIST
ערוך מחר,ARTIST,RANDOM
ערים מיתולוגיות,ARTIST,RANDOM
ערלוי עייזר,ARTIST,RANDOM
ערמומית גרוב,ARTIST,ARTIST
ערן שיר,ARTIST,ARTIST
עשני יהודי,ARTIST,RANDOM
עתידין ישראל,ARTIST,ARTIST
עתידין להגאל,ARTIST,RANDOM
עתיק גור,ARTIST,ARTIST
פ ¬,ARTIST,RANDOM
פ. ובר,ARTIST,ARTIST
פאטריבענע טויבעלע,ARTIST,RANDOM
פאל אנגר,ARTIST,ARTIST
פאלשע משיח,ARTIST,ALBUM
פאני וורקמן,ARTIST,RANDOM
פאנקע מניקולייב,ARTIST,RANDOM
פאפיר איז דאך,ARTIST,ARTIST
פאר דטעטע,ARTIST,ARTIST
פאר הדור,ARTIST,ARTIST
פאר וכבוד,ARTIST,ARTIST
פארביטענע קינד,ARTIST,ARTIST
פארו עלי,ARTIST,RANDOM
פארוואס וויינסטו,ARTIST,RANDOM
פארוואס זינגט,ARTIST,RANDOM
פארק חול,ARTIST,RANDOM
פארק ימית,ARTIST,ARTIST
פודלינסקי קולות,ARTIST,ALBUM
פול טראנק,ARTIST,ARTIST
פומפדיתא מבצעים,ARTIST,RANDOM
פוסע בדרכים,ARTIST,ALBUM
פועלט אלעס,ARTIST,RANDOM
פועלי הבנין,ARTIST,RANDOM
פופ פם,ARTIST,RANDOM
פורימית עממית,ARTIST,RANDOM
פוריס דיגס,ARTIST,RANDOM
פורעבר וון,ARTIST,RANDOM
פורת יוסף,ARTIST,ARTIST
פותח לב,ARTIST,ALBUM
פז לגאי,ARTIST,ARTIST
פזמוני מרש,ARTIST,ARTIST
פחד גבהים,ARTIST,ALBUM
פיו יביא,ARTIST,RANDOM
פיוט ישראלי,ARTIST,ARTIST
פיוט שלום,ARTIST,ARTIST
פיזמון ג,ARTIST,RANDOM
פייבל פרנק,ARTIST,ARTIST
פיל באבקת,ARTIST,RANDOM
פיל פילון,ARTIST,RANDOM
פין יאקאב,ARTIST,ARTIST
פין יעצט,ARTIST,RANDOM
פינטעלע יוד,ARTIST,RANDOM
פיני פולק,ARTIST,ARTIST
פיני-איינהורן,ARTIST,ARTIST
פינקיס הלל,ARTIST,ARTIST
פיסת גן,ARTIST,RANDOM
פיסת חיים,ARTIST,ARTIST
פיפיות גור,ARTIST,ARTIST
פיפיות פסנתר,ARTIST,ARTIST
פיקודי ה פריד,ARTIST,SONG
פיש פיש,ARTIST,ARTIST
פישל בייגעל,ARTIST,RANDOM
פיתחי לי,ARTIST,RANDOM
פלא גרין,ARTIST,ARTIST
פלא טבעי,ARTIST,RANDOM
פלאץ פאר,ARTIST,ARTIST
פלברבוים טלר,ARTIST,ARTIST
פלורנס נייטינגייל,ARTIST,RANDOM
פליי באק,ARTIST,RANDOM
פליישיקע יידן,ARTIST,RANDOM
פלפול שהרג,ARTIST,RANDOM
פןדלינסקי אבא,ARTIST,SONG
פנא לעלבון,ARTIST,SONG
פנה לעלבון,ARTIST,SONG
פנו אלי,ARTIST,ARTIST
פנחס בורנשטיין,ARTIST,ARTIST
פנחס בן יאיר,ARTIST,ARTIST
פנחס המאופס,ARTIST,ARTIST
פנטסטי מדהים,ARTIST,RANDOM
פני לעבון,ARTIST,RANDOM
פני לעלבון,ARTIST,RANDOM
פסוקא דפוריא,ARTIST,RANDOM
פסוקי דזמרה,ARTIST,RANDOM
פסוקי דפוריא,ARTIST,RANDOM
פסוקים לאחר,ARTIST,RANDOM
פסוקים קודם,ARTIST,RANDOM
פסח בגטאו,ARTIST,ALBUM
פסח בלוז,ARTIST,ARTIST
פסח במלון,ARTIST,ARTIST
פסח הלל,ARTIST,ALBUM
פסח לעצרת,ARTIST,ALBUM
פסח ממלסטובקה,ARTIST,ALBUM
פסח שארף,ARTIST,ARTIST
פסנתר בנט,ARTIST,ARTIST
פעמון זהב,ARTIST,ALBUM
פעמון כנסייה,ARTIST,RANDOM
פערל פישערס,ARTIST,ARTIST
פקה פקה,ARTIST,RANDOM
פרדה אקלום,ARTIST,ARTIST
פרדונה אנטור,ARTIST,RANDOM
פרדס חנה,ARTIST,ARTIST
פרוג'קט,ARTIST,RANDOM
פרוייקט קפיצת הדרך,ARTIST,SONG
פרופסור יהושע,ARTIST,ARTIST
פרח הלילך,ARTIST,ARTIST
פרח הלימון,ARTIST,ARTIST
פרח תקווה,ARTIST,RANDOM
פרחי - ויעשו,ARTIST,ARTIST
פרחי אורגינל,ARTIST,ARTIST
פרחי זקני,ARTIST,ARTIST
פרחי יצחק,ARTIST,ARTIST
פרחי קומה,ARTIST,ARTIST
פרחי-ירושלים,ARTIST,SONG
פרחי_ירושלים,ARTIST,RANDOM
פרחים אקזוטים,ARTIST,RANDOM
פרחים בקנה,ARTIST,RANDOM
פריטה קצרה,ARTIST,RANDOM
פריילאך זיין,ARTIST,ARTIST
פריילאך יידן,ARTIST,ARTIST
פרייליך אינטרו,ARTIST,ARTIST
פרייליך במירון,ARTIST,ARTIST
פרייליך זיין,ARTIST,ARTIST
פריילך אוריינטלי,ARTIST,RANDOM
פריילעך זיין,ARTIST,SONG
פרילייך באנד,ARTIST,RANDOM
פריץ הבר,ARTIST,ARTIST
פרס הזקן,ARTIST,RANDOM
פרס המשנה,ARTIST,RANDOM
פרץ לעפקאוויטש,ARTIST,ARTIST
פתח לבי,ARTIST,RANDOM
פתח להם,ARTIST,RANDOM
פתחו לי,ARTIST,SONG
פתחי שעריך,ARTIST,RANDOM
פתיח למדנצ'יק,ARTIST,ARTIST
פתיח ריקוד,ARTIST,SONG
פתיחת אירועי,ARTIST,RANDOM
פתיחת הארון,ARTIST,RANDOM
פתיחת הורה,ARTIST,RANDOM
פתקא מרבינו,ARTIST,RANDOM
צ. ויטלר,ARTIST,RANDOM
צ_יו ג_ין,ARTIST,RANDOM
צאלה הילרוביץ,ARTIST,RANDOM
צבא הרפאים,ARTIST,RANDOM
צבא שמים,ARTIST,RANDOM
צבי אהרוני,ARTIST,ARTIST
צבי ראובן,ARTIST,ARTIST
צדק גראמען,ARTIST,ARTIST
צדקה גבעת,ARTIST,RANDOM
צדקה חפציבה,ARTIST,RANDOM
צהל צועד,ARTIST,RANDOM
צוואת הר' שטיינמן,ARTIST,RANDOM
צווה ישועות,ARTIST,RANDOM
צווה צווה,ARTIST,RANDOM
צווי ברודער,ARTIST,RANDOM
צווי טריערן,ARTIST,RANDOM
צוויי פעסער,ARTIST,RANDOM
צווישן קאסיב,ARTIST,RANDOM
צווישען קאסוב,ARTIST,RANDOM
צוות אולפני,ARTIST,RANDOM
צוות שבע,ARTIST,ALBUM
צוחק מרוקאי,ARTIST,RANDOM
צוחק פרסי,ARTIST,RANDOM
צוחק רובאי,ARTIST,RANDOM
צוללן לשעבר,ARTIST,RANDOM
צוק איתן,ARTIST,ARTIST
צור אבותי,ARTIST,ARTIST
צור בלתך,ARTIST,ARTIST
צור חיינו,ARTIST,ARTIST
צור חסדו,ARTIST,ARTIST
צור ישועתי,ARTIST,ARTIST
צור ישראל,ARTIST,ARTIST
צור לבבי,ARTIST,ARTIST
צור משלו07,ARTIST,ARTIST
צור פסגות,ARTIST,ARTIST
צורי תומך,ARTIST,ARTIST
צחוק מבוגר,ARTIST,RANDOM
צחוק מדהים,ARTIST,RANDOM
צחוק ממשבקים,ARTIST,ARTIST
צחוק נשי,ARTIST,ARTIST
צחוק קורע,ARTIST,RANDOM
צחוק..,ARTIST,ARTIST
צי לאנג,ARTIST,ARTIST
צי פארן,ARTIST,ARTIST
ציבי גבע,ARTIST,ARTIST
ציו ציון,ARTIST,ARTIST
ציון הלא,ARTIST,ARTIST
ציון ציון,ARTIST,ARTIST
ציוני תברח,ARTIST,RANDOM
ציירתי שמש,ARTIST,ARTIST
צילא דמהימנותא,ARTIST,RANDOM
צילצול גרוזיני,ARTIST,RANDOM
צילצול פלאפון,ARTIST,RANDOM
ציפור שניה,ARTIST,RANDOM
ציפי ליבני,ARTIST,RANDOM
ציצאניס במיטבו,ARTIST,RANDOM
ציקוליקוצים - בזק,ARTIST,RANDOM
ציקוליקוצים - גרינברג,ARTIST,ARTIST
ציקוליקוצים - השבת אבידה,ARTIST,SONG
ציקוליקוצים - מאפיה,ARTIST,RANDOM
ציר חסדו,ARTIST,RANDOM
צל חולף,ARTIST,RANDOM
צליל הודעה,ARTIST,ARTIST
צליל וזמר,ARTIST,ARTIST
צליל מחשב,ARTIST,RANDOM
צלילי העבר,ARTIST,ALBUM
צלילי מחשב,ARTIST,RANDOM
צלצול טעטע,ARTIST,RANDOM
צלצולי מחשב,ARTIST,RANDOM
צלקות באספלט,ARTIST,RANDOM
צמא לשכינה,ARTIST,RANDOM
צמאה אור,ARTIST,ALBUM
צמד שירי,ARTIST,ALBUM
צמד שירים,ARTIST,ALBUM
צמח דוד,ARTIST,ARTIST
צמח צדק,ARTIST,ARTIST
צניפת סוס,ARTIST,RANDOM
צעדים עקיבא,ARTIST,ARTIST
צעירים גני,ARTIST,RANDOM
צען שטארקע,ARTIST,RANDOM
צעקה חרחור,ARTIST,RANDOM
צער השכינה,ARTIST,RANDOM
צפצוף מחשב,ARTIST,RANDOM
צפרא דשבתא,ARTIST,RANDOM
צפרדע מזרחי,ARTIST,ARTIST
צפת גלבך,ARTIST,ARTIST
צפת לזר,ARTIST,RANDOM
צפת מתאחדת,ARTIST,RANDOM
צקון לחשם,ARTIST,RANDOM
צריך אוזן,ARTIST,RANDOM
צריכה נהג,ARTIST,RANDOM
ק      ק ש,ARTIST,RANDOM
ק-ה ריבון,ARTIST,SONG
קאלטע קאווע,ARTIST,RANDOM
קבלה בידינו,ARTIST,RANDOM
קדוש קדוש,ARTIST,ARTIST
קדרותא דצפרא,ARTIST,RANDOM
קדשנו במצותיך,ARTIST,RANDOM
קהש מר,ARTIST,RANDOM
קו ריקו,ARTIST,RANDOM
קו-ריבון,ARTIST,SONG
קובי-ברומר,ARTIST,SONG
קודשא בריך,ARTIST,RANDOM
קויפמאן אידלסון,ARTIST,ARTIST
קויפן וואסער,ARTIST,RANDOM
קול ביער,ARTIST,ALBUM
קול סלוניקא,ARTIST,ALBUM
קול סלוניקי,ARTIST,ALBUM
קולונל בוגי,ARTIST,RANDOM
קולות בליל,ARTIST,ALBUM
קולות גבוהים,ARTIST,ALBUM
קולות מגירוש,ARTIST,ALBUM
קום צוריק,ARTIST,RANDOM
קומזיץ בגשם,ARTIST,ALBUM
קומט אן,ARTIST,ARTIST
קומט שויין,ARTIST,RANDOM
קומי עורי,ARTIST,RANDOM
קומי צאי,ARTIST,RANDOM
קומי רוני,ARTIST,ARTIST
קונספירציה מהסרטים,ARTIST,RANDOM
קונצרט חזנות,ARTIST,ALBUM
קונצרט קרליבך,ARTIST,SONG
קורא בשמך,ARTIST,RANDOM
קוריץ מחומר,ARTIST,ARTIST
קחו חמש,ARTIST,RANDOM
קיבוץ דישיבת,ARTIST,ALBUM
קיבלתי הודעהההה,ARTIST,RANDOM
קידוש קופוב,ARTIST,RANDOM
קילע זקנים,ARTIST,RANDOM
קים יסעדנו,ARTIST,ARTIST
קינג קונג,ARTIST,RANDOM
קינדערלעך פארברענגען,ARTIST,RANDOM
קינדרלך 2016,ARTIST,RANDOM
קיפ קליימינג,ARTIST,RANDOM
קיץ פנסי,ARTIST,RANDOM
קיץ פרואני,ARTIST,RANDOM
קיר אחד,ARTIST,RANDOM
קירסטן פלגסטאד,ARTIST,RANDOM
קישינעווער שטיקעלע,ARTIST,RANDOM
קישקע צולנט,ARTIST,RANDOM
קלונדייק ג_ו,ARTIST,RANDOM
קלידי קסם,ARTIST,ARTIST
קלידן וסגירה,ARTIST,RANDOM
קלמן גולדשמידט,ARTIST,ARTIST
קלמן רוזנגרטן,ARTIST,ARTIST
קלמן שטקל,ARTIST,ARTIST
קמעא קמעא,ARTIST,RANDOM
קמתי פתאום,ARTIST,RANDOM
קסם באויר,ARTIST,ALBUM
קסם נעוריי,ARTIST,ALBUM
קסם תאי,ARTIST,ALBUM
קפה שחור,ARTIST,RANDOM
קפוב קגן,ARTIST,ARTIST
קפטן קוק,ARTIST,ARTIST
קצב אנגלי,ARTIST,ARTIST
קצב הדרבוקה,ARTIST,ARTIST
קצב מזרחי,ARTIST,ARTIST
קצבה גור,ARTIST,ARTIST
קצבי טירוף,ARTIST,ARTIST
קקיץ_ ופיטרסון,ARTIST,RANDOM
קרא אליו,ARTIST,RANDOM
קראתיך יהודה,ARTIST,ARTIST
קרה למורן,ARTIST,RANDOM
קרויס רוטשטיין,ARTIST,ARTIST
קרוץ מחומר,ARTIST,RANDOM
קריה יפהפיה,ARTIST,RANDOM
קריה יפיפיה,ARTIST,RANDOM
קריה נאמנה,ARTIST,RANDOM
קריימר קרו,ARTIST,ARTIST
קרינה אודינאייב,ARTIST,RANDOM
קרינה מייננת,ARTIST,RANDOM
קרינה רדיואקטיבית,ARTIST,RANDOM
קרן אור,ARTIST,ARTIST
קרן מרום,ARTIST,ARTIST
קשב וריכוז,ARTIST,RANDOM
קשה פרידתך,ARTIST,RANDOM
ר טולקין,ARTIST,RANDOM
ר מיכל,ARTIST,ARTIST
ראה לפני,ARTIST,RANDOM
ראה ענני,ARTIST,RANDOM
ראו באורי,ARTIST,RANDOM
ראיון אבו,ARTIST,ARTIST
ראיון בצבא,ARTIST,RANDOM
ראיתי בענייך,ARTIST,RANDOM
ראם שיר,ARTIST,ARTIST
ראפ באידיש,ARTIST,SONG
ראפ פצצות,ARTIST,RANDOM
ראשון לציון,ARTIST,RANDOM
ראשון פרשת,ARTIST,RANDOM
ראשי לויתן,ARTIST,RANDOM
רבה גור,ARTIST,ARTIST
רבה רבה,ARTIST,RANDOM
רבותי נברך,ARTIST,RANDOM
רביי רביי,ARTIST,RANDOM
רבע לשבע,ARTIST,RANDOM
רברבין קרליבך,ARTIST,SONG
רגב הוד,ARTIST,ARTIST
רדי כהנא,ARTIST,ARTIST
רוב וואדל,ARTIST,RANDOM
רובוט לניקוי,ARTIST,RANDOM
רובי חן,ARTIST,ARTIST
רוברט מריל,ARTIST,ARTIST
רודפים צללים,ARTIST,ALBUM
רוזן במיטבו,ARTIST,ARTIST
רוח אפינו,ARTIST,RANDOM
רוח חדשה,ARTIST,RANDOM
רוח סתיו,ARTIST,ARTIST
רויטמן. רומשינסקי,ARTIST,ARTIST
רום קשוק,ARTIST,ARTIST
רומניה רומניה,ARTIST,RANDOM
רון בן חיים,ARTIST,ARTIST
רוני ושמחי,ARTIST,ARTIST
רוני עקרה,ARTIST,ARTIST
רוני תורן,ARTIST,ARTIST
רונן גרמה,ARTIST,ARTIST
רועה ישראל,ARTIST,ARTIST
רועי) אדרי,ARTIST,ARTIST
רוצה להבין,ARTIST,RANDOM
רוצח בשגגה,ARTIST,RANDOM
רוקד באוזן,ARTIST,ARTIST
רות ביידר,ARTIST,ARTIST
רחובות קמפיין,ARTIST,RANDOM
רחום שמך,ARTIST,ARTIST
רחל אמנו,ARTIST,SONG
רחל וויין,ARTIST,ARTIST
רחל פרייליך,ARTIST,ARTIST
ריבה ריבה,ARTIST,RANDOM
ריבים צ'יריבום,ARTIST,RANDOM
ריו בראבו,ARTIST,ARTIST
ריח פרדסים,ARTIST,RANDOM
רייכל גפן,ARTIST,ARTIST
רייכל_,ARTIST,RANDOM
ריין חזנות,ARTIST,ALBUM
רימון בכנסת,ARTIST,ARTIST
רימון יד,ARTIST,RANDOM
רין קורקרן,ARTIST,RANDOM
ריקוד איישישוק,ARTIST,SONG
ריקוד גור,ARTIST,ARTIST
ריקוד סלוניקי,ARTIST,SONG
ריקוד קלימאוויטש,ARTIST,SONG
ריקודים02 רצועה,ARTIST,SONG
ריקודים03 רצועה,ARTIST,SONG
רכב אוטונומי,ARTIST,RANDOM
רכב בכביש,ARTIST,RANDOM
רכבת טסה,ARTIST,SONG
רכבת פרוזנאית,ARTIST,RANDOM
רם ונישא,ARTIST,ARTIST
רם לחסדך,ARTIST,ARTIST
רם לעמך,ARTIST,ARTIST
רמזור אדום,ARTIST,RANDOM
רמי טריסמן,ARTIST,ARTIST
רמת הגולן,ARTIST,RANDOM
רני ולינגשטיין,ARTIST,ARTIST
רני ושמחי,ARTIST,ARTIST
רעדן לשון,ARTIST,RANDOM
רעי סוויד,ARTIST,ARTIST
רעיא מהימנא,ARTIST,RANDOM
רעידת האדמה,ARTIST,RANDOM
רעיה רצוני,ARTIST,ARTIST
רענן נהרי,ARTIST,ARTIST
רפסודה הונגרית,ARTIST,RANDOM
רפסודה סינית,ARTIST,RANDOM
רפסודיה רומנית,ARTIST,RANDOM
רצונך שתכיר,ARTIST,RANDOM
רצועה לגבי,ARTIST,SONG
רצח באולימפיאדה,ARTIST,RANDOM
רצח בכיכר,ARTIST,RANDOM
רצני אבי,ARTIST,ARTIST
רקע לסעודה,ARTIST,RANDOM
רשימת ש ס,ARTIST,RANDOM
רשימת ש''ס,ARTIST,RANDOM
רשימת ש_ס,ARTIST,RANDOM
ש      ק ¬,ARTIST,RANDOM
ש כהן,ARTIST,ARTIST
ש. גרטנר,ARTIST,SONG
ש. דסקל,ARTIST,ARTIST
ש. ויגדה,ARTIST,RANDOM
ש. ויגודה,ARTIST,ARTIST
ש. ולס,ARTIST,ARTIST
ש. ורדיגר,ARTIST,ARTIST
ש. חיון,ARTIST,ARTIST
ש. כהן,ARTIST,ARTIST
ש. כץ,ARTIST,ARTIST
ש. מלבסקי,ARTIST,RANDOM
ש. קוסביצקי,ARTIST,ARTIST
ש. שמחי,ARTIST,ARTIST
שָׂרְאֵל סופר,ARTIST,ARTIST
שאול סולי,ARTIST,ARTIST
שאולי -,ARTIST,ARTIST
שאי סביב,ARTIST,RANDOM
שאין להכחישה,ARTIST,RANDOM
שאלו שלום ירושלים,ARTIST,ALBUM
שאנון איגלנד,ARTIST,RANDOM
שאנחנו יהודים,ARTIST,RANDOM
שאני חי,ARTIST,ALBUM
שאני רואה,ARTIST,RANDOM
שאני שמן,ARTIST,RANDOM
שארית ישראל,ARTIST,ARTIST
שבות עמי,ARTIST,ARTIST
שבח צורי,ARTIST,ARTIST
שבח שוורץ,ARTIST,ARTIST
שבחין אסדר,ARTIST,RANDOM
שבי אחריך,ARTIST,ARTIST
שבי ירושלים,ARTIST,SONG
שביט בשמי,ARTIST,ARTIST
שביל לחופה,ARTIST,RANDOM
שבירת כלים,ARTIST,RANDOM
שבע שערה,ARTIST,ALBUM
שבעה ירחים,ARTIST,RANDOM
שבעה פלאי,ARTIST,ARTIST
שבראנו לכבודו,ARTIST,RANDOM
שבת בכותל,ARTIST,ALBUM
שבתי בחזרה,ARTIST,ARTIST
שבתי ירושלים,ARTIST,ARTIST
שגיא נירי,ARTIST,ARTIST
שגעגוע יחלוף,ARTIST,RANDOM
שדה חמד,ARTIST,ARTIST
שדי אמור,ARTIST,RANDOM
שדכנטע שדכנטע,ARTIST,RANDOM
שדרני קול חי,ARTIST,ALBUM
שהבעיר עיר,ARTIST,RANDOM
שהנשמה בקרבי,ARTIST,RANDOM
שהשלום שלו,ARTIST,RANDOM
שהשם ישמור,ARTIST,RANDOM
שוא שקד,ARTIST,ARTIST
שובי רוני,ARTIST,ARTIST
שווארצע וואלקענעס,ARTIST,RANDOM
שוויגערא פיגארא,ARTIST,RANDOM
שוורצע קארשאלאך,ARTIST,RANDOM
שוטר מהרשפ,ARTIST,RANDOM
שוין אידלעך,ARTIST,RANDOM
שוין זיין,ARTIST,SONG
שוין לעכטיג,ARTIST,ALBUM
שוכי מג_סקי,ARTIST,ARTIST
שוכן מרום,ARTIST,ARTIST
שולי (רנד,ARTIST,ARTIST
שולי גלילי,ARTIST,ARTIST
שולי-רנד,ARTIST,ARTIST
שולם ברודט,ARTIST,ARTIST
שולם זוכער,ARTIST,ARTIST
שום סיכוי,ARTIST,RANDOM
שומרי מצוותיה,ARTIST,SONG
שומרי מצוותיך,ARTIST,RANDOM
שומריה מצוותיה,ARTIST,SONG
שופטים בארץ,ARTIST,RANDOM
שופר געבלאזן,ARTIST,ARTIST
שוקי חוזר,ARTIST,ARTIST
שוקי-סלומון,ARTIST,ARTIST
שוש תשיש,ARTIST,RANDOM
שושן אם,ARTIST,RANDOM
שושן הבירה,ARTIST,ARTIST
שושן חוחים,ARTIST,ARTIST
שושן נעלם,ARTIST,RANDOM
שזופת שמש,ARTIST,ARTIST
שזוריצי חלאפצ,ARTIST,RANDOM
שחור טרנס,ARTIST,RANDOM
שחי לאל,ARTIST,ARTIST
שחיו בסרט,ARTIST,RANDOM
שחר חדש,ARTIST,ARTIST
שחר קמתי,ARTIST,ARTIST
שחרור רובשקין,ARTIST,ARTIST
שחרית2 פסנתר,ARTIST,ALBUM
שטיינמץ דיקמן,ARTIST,SONG
שטעטל סקווירא,ARTIST,ALBUM
שטעטעלע בעלז,ARTIST,SONG
שטר התנאים,ARTIST,ALBUM
שטריימל לחמין,ARTIST,RANDOM
שי לי עטרי,ARTIST,ARTIST
שיבואו עלינו,ARTIST,RANDOM
שיבת ציון,ARTIST,ARTIST
שידוך שאולי,ARTIST,ARTIST
שיהו שמחות,ARTIST,RANDOM
שיח יצחק,ARTIST,ARTIST
שיחו לאימי,ARTIST,RANDOM
שיחו לאמי,ARTIST,RANDOM
שיחו לעמי,ARTIST,RANDOM
שיחי לאימי,ARTIST,RANDOM
שיחי לאל,ARTIST,ARTIST
שיחת אדמור,ARTIST,RANDOM
שיחת מוסר,ARTIST,RANDOM
שיינע ליכט,ARTIST,ARTIST
שייע העשל שארף,ARTIST,ARTIST
שייעה קיי,ARTIST,ARTIST
שימוני משוש,ARTIST,RANDOM
שימני כחותם,ARTIST,SONG
שינוי לחיים,ARTIST,ALBUM
שינוי עמדות,ARTIST,RANDOM
שיעה ברים,ARTIST,ARTIST
שיק מיר,ARTIST,ARTIST
שיר אחרון,ARTIST,ALBUM
שיר באר,ARTIST,ALBUM
שיר בבוקר,ARTIST,ALBUM
שיר בדואי,ARTIST,ALBUM
שיר גמר,ARTIST,ALBUM
שיר הבמבה,ARTIST,ALBUM
שיר הבר,ARTIST,SONG
שיר הגולן,ARTIST,ALBUM
שיר החופה,ARTIST,SONG
שיר הכבוד,ARTIST,ALBUM
שיר הלל,ARTIST,ALBUM
שיר הנודד,ARTIST,ALBUM
שיר הפזם,ARTIST,ALBUM
שיר הצפרדע,ARTIST,ALBUM
שיר השומר,ARTIST,ALBUM
שיר השידוך,ARTIST,ALBUM
שיר השלוחים,ARTIST,ALBUM
שיר חופה,ARTIST,ALBUM
שיר חיי,ARTIST,ALBUM
שיר חנוכת,ARTIST,ALBUM
שיר חתן,ARTIST,SONG
שיר טיול,ARTIST,ALBUM
שיר ימיך,ARTIST,SONG
שיר ישראלי,ARTIST,ALBUM
שיר לאבא,ARTIST,ALBUM
שיר לבד,ARTIST,ALBUM
שיר לחיים,ARTIST,ALBUM
שיר לחתן,ARTIST,ALBUM
שיר לכרמל,ARTIST,ALBUM
שיר למעלות10,ARTIST,ALBUM
שיר לעליה,ARTIST,ALBUM
שיר לעלם,ARTIST,ALBUM
שיר לעתיד,ARTIST,ALBUM
שיר לשכינה,ARTIST,ALBUM
שיר מדהים,ARTIST,ALBUM
שיר מרגיע,ARTIST,ALBUM
שיר משוגע,ARTIST,ALBUM
שיר סופה,ARTIST,ALBUM
שיר סיום,ARTIST,SONG
שיר עצוב,ARTIST,ALBUM
שיר ערבי,ARTIST,ALBUM
שיר ערש,ARTIST,SONG
שיר עתיק,ARTIST,ALBUM
שיר ציון,ARTIST,ALBUM
שיר קצבי,ARTIST,ALBUM
שיר רוגע,ARTIST,ALBUM
שיר שיצא,ARTIST,ALBUM
שיר שלום,ARTIST,ALBUM
שיר שקטה,ARTIST,ALBUM
שיר תפילה,ARTIST,ALBUM
שיר תקווה,ARTIST,ALBUM
שיר-שטרן,ARTIST,ARTIST
שירה באשקלון,ARTIST,ARTIST
שירה בזימרה,ARTIST,ARTIST
שירה הזאת,ARTIST,SONG
שירה כים,ARTIST,ARTIST
שירה קיים,ARTIST,ARTIST
שירו לד,ARTIST,ALBUM
שירו למלך,ARTIST,SONG
שירו לשם,ARTIST,ALBUM
שירו שיר,ARTIST,ALBUM
שירו שירו,ARTIST,ALBUM
שירן למלך,ARTIST,ARTIST
שישא טאובר,ARTIST,ARTIST
שכולה אכולה,ARTIST,RANDOM
שכולו ציפיה,ARTIST,RANDOM
שכולם ניסים,ARTIST,ARTIST
שכינה בינהם,ARTIST,RANDOM
שכל חכמה,ARTIST,RANDOM
שכל קוויך,ARTIST,RANDOM
שכל קויך,ARTIST,RANDOM
שלא נבוש,ARTIST,RANDOM
שלאף איין,ARTIST,RANDOM
שלה לחוזקה,ARTIST,RANDOM
שלו וזה,ARTIST,RANDOM
שלוות הנפש,ARTIST,RANDOM
שלוימל_ה קרישבסקי,ARTIST,ARTIST
שלום בארץ,ARTIST,ALBUM
שלום בבית,ARTIST,ARTIST
שלום בחילינו,ARTIST,ARTIST
שלום בחילך,ARTIST,ARTIST
שלום בחלינו,ARTIST,ARTIST
שלום בית,ARTIST,ALBUM
שלום בך,ARTIST,SONG
שלום במרומיו,ARTIST,ARTIST
שלום בעולם,ARTIST,ARTIST
שלום הנה,ARTIST,SONG
שלום וויס,ARTIST,ARTIST
שלום זכר,ARTIST,ARTIST
שלום חבר,ARTIST,ARTIST
שלום חיים,ARTIST,ARTIST
שלום טובה,ARTIST,ALBUM
שלום לבן,ARTIST,ARTIST
שלום מנדי וויס,ARTIST,ARTIST
שלום עליכם,ARTIST,SONG
שלום פליסר,ARTIST,ARTIST
שלום שובלי,ARTIST,ARTIST
שלום שלום,ARTIST,ARTIST
שלומי לוגסי,ARTIST,ARTIST
שלומי לונגר,ARTIST,ARTIST
שלומי_שבת,ARTIST,RANDOM
שלוש דרכים,ARTIST,RANDOM
שלוש סעודות‏,ARTIST,RANDOM
שלח אודך,ARTIST,SONG
שלח אורך,ARTIST,ARTIST
שלח בן דוד,ARTIST,ARTIST
שלח גואל,ARTIST,ARTIST
שלח לחמך,ARTIST,ARTIST
שלח לי,ARTIST,RANDOM
שלח רפואה,ARTIST,RANDOM
שלי סמרטוטים,ARTIST,RANDOM
שלך אורך,ARTIST,RANDOM
שלך הם,ARTIST,RANDOM
שלכת בלב,ARTIST,RANDOM
שלם ישלם,ARTIST,RANDOM
שלמה הדרשן,ARTIST,ARTIST
שלמה השלם,ARTIST,ARTIST
שלמה ושלום,ARTIST,ARTIST
שלמה חביב,ARTIST,ARTIST
שלמה מייעס,ARTIST,ARTIST
שלמה נחמי,ARTIST,ARTIST
שלמה פנקסוביץ,ARTIST,ARTIST
שלמה קופפר,ARTIST,ARTIST
שלמה רבא,ARTIST,ARTIST
שלמה רוטשטיין,ARTIST,ARTIST
שלמה רוטשטין,ARTIST,ARTIST
שלמה שב,ARTIST,ARTIST
שלמה שיעור,ARTIST,ARTIST
שלמה-ברונר,ARTIST,ARTIST
שלמה-כהן,ARTIST,SONG
שלמה-מאיעס,ARTIST,ARTIST
שלמה_כהן,ARTIST,RANDOM
שלמה_מאיעס,ARTIST,RANDOM
שלש נקודות,ARTIST,RANDOM
שלשלת ושלשת,ARTIST,ALBUM
שם שדי,ARTIST,RANDOM
שמאמין 33היסח,ARTIST,ARTIST
שמו מפארים,ARTIST,ALBUM
שמו של,ARTIST,RANDOM
שמואל בכור,ARTIST,ARTIST
שמואל בן צבי,ARTIST,ARTIST
שמואל דניאלי,ARTIST,ARTIST
שמואל חי מעודה,ARTIST,ARTIST
שמואל פולק,ARTIST,ARTIST
שמואל#MY פסטיגל,ARTIST,ARTIST
שמואל-נעמן,ARTIST,ARTIST
שמולי אונגאר,ARTIST,ARTIST
שמוליק _ Shmulik,ARTIST,ARTIST
שמועס מיטן,ARTIST,RANDOM
שמחה ביקאווסקא,ARTIST,ARTIST
שמחה בליבי,ARTIST,ALBUM
שמחה בעלזא,ARTIST,SONG
שמחה גדולה,ARTIST,SONG
שמחה דקדושה,ARTIST,ARTIST
שמחה ויזניץ,ARTIST,ALBUM
שמחה וריקוד,ARTIST,ARTIST
שמחה חבדי,ARTIST,ARTIST
שמחה לארצך,ARTIST,ALBUM
שמחה לארצנו,ARTIST,SONG
שמחה לנשמה,ARTIST,ARTIST
שמחה לרבינו,ARTIST,ARTIST
שמחה ניע,ARTIST,ARTIST
שמחה סאטמאר,ARTIST,ALBUM
שמחה עתיק,ARTIST,ALBUM
שמחה פורמת,ARTIST,ARTIST
שמחה קלאגסברוין,ARTIST,ARTIST
שמחה קרלין,ARTIST,SONG
שמחה רבה,ARTIST,SONG
שמחה תשלט,ARTIST,ARTIST
שמחים בצאתם,ARTIST,RANDOM
שמחים ישראל,ARTIST,ARTIST
שמחם בבנין,ARTIST,RANDOM
שמחם שמחם,ARTIST,SONG
שמחתי באומרים,ARTIST,RANDOM
שמי שמים,ARTIST,RANDOM
שמילי אונגאר,ARTIST,ARTIST
שמילי לולי,ARTIST,ARTIST
שמילי רחמנא,ARTIST,ARTIST
שמירת הלשון,ARTIST,RANDOM
שמירת שבת,ARTIST,ALBUM
שמך נאה,ARTIST,SONG
שמסרו נפשם,ARTIST,RANDOM
שמעו בנים,ARTIST,RANDOM
שמעו דבר השם,ARTIST,RANDOM
שמעו זאת,ARTIST,RANDOM
שמעו ידידי,ARTIST,RANDOM
שמעו לי,ARTIST,RANDOM
שמעו מלכים,ARTIST,RANDOM
שמעון לפולין,ARTIST,ARTIST
שמעון שר,ARTIST,ARTIST
שמעי בת,ARTIST,RANDOM
שמעי לי,ARTIST,RANDOM
שמרי לי,ARTIST,RANDOM
שמש אלעשייה,ARTIST,ARTIST
שמש בוקר,ARTIST,RANDOM
שנאה ב.net,ARTIST,RANDOM
שנזכה לבנין,ARTIST,RANDOM
שני זבובים,ARTIST,RANDOM
שני טמבלים,ARTIST,RANDOM
שני יהודים,ARTIST,RANDOM
שני משוגעים,ARTIST,RANDOM
שניים סוכר,ARTIST,RANDOM
שניים סינים,ARTIST,RANDOM
שניצלה מגניבה,ARTIST,RANDOM
שנתיים בלעדיך,ARTIST,RANDOM
שס אשדוד,ARTIST,RANDOM
שסד רחובות,ARTIST,RANDOM
שעוות עניים,ARTIST,RANDOM
שעיה לברון,ARTIST,ARTIST
שעיה מקרעסטיר,ARTIST,ARTIST
שעפעלע פאסטעך,ARTIST,RANDOM
שערי חכמה,ARTIST,RANDOM
שפוך שיחה,ARTIST,RANDOM
שפטו דל,ARTIST,RANDOM
שפע ברכה,ARTIST,RANDOM
שפרו יכולותיכם,ARTIST,RANDOM
שקעה חמה,ARTIST,RANDOM
שקר החן,ARTIST,RANDOM
שר ישראל,ARTIST,ARTIST
שר מרטין וידרקר,ARTIST,ARTIST
שראה פניו,ARTIST,RANDOM
שרה באוהל,ARTIST,ARTIST
שרולי בדנסקי,ARTIST,ARTIST
שרולי ווגשל,ARTIST,ARTIST
שרולק קלצקין,ARTIST,ARTIST
שרון לביא,ARTIST,ARTIST
שרון מדבר,ARTIST,ARTIST
שרי הממשלה,ARTIST,RANDOM
שרפי מעלה,ARTIST,RANDOM
שרציתי לאמר,ARTIST,RANDOM
שרשרת מנהגי,ARTIST,RANDOM
שש מאות,ARTIST,RANDOM
שש מצוות,ARTIST,RANDOM
שש עשרה,ARTIST,RANDOM
שש שמיניות,ARTIST,RANDOM
שתטע יראתך,ARTIST,RANDOM
שתתרגלי אליי,ARTIST,ARTIST
תא קולי,ARTIST,RANDOM
תאור עשרת,ARTIST,RANDOM
תבא לפניך,ARTIST,RANDOM
תבקש תבקש,ARTIST,RANDOM
תהא אמונתי,ARTIST,RANDOM
תהליל לברית,ARTIST,RANDOM
תוב קומטנץ,ARTIST,RANDOM
תומר-כהן,ARTIST,ARTIST
תוף מרים,ARTIST,RANDOM
תורי זהב,ARTIST,ALBUM
תורני ראשון,ARTIST,RANDOM
תורת מרדכי,ARTIST,ARTIST
תורת רפאל,ARTIST,ARTIST
תזמורת להבה,ARTIST,ARTIST
תזמורת מורחבת,ARTIST,ARTIST
תזמורת מפחיד,ARTIST,ARTIST
תזמורת נגינה,ARTIST,ARTIST
תזמורת סימפונית,ARTIST,ARTIST
תזמורת שלהבת,ARTIST,ARTIST
תחנה גולדמן,ARTIST,ARTIST
תיכנת שבת,ARTIST,ALBUM
תכלית רעיון,ARTIST,RANDOM
תלת מימד,ARTIST,RANDOM
תמונת אלבום,ARTIST,ALBUM
תמונת כהנא,ARTIST,ARTIST
תמכתי יתדותי,ARTIST,RANDOM
תנא דבי,ARTIST,RANDOM
תנה עוזך,ARTIST,RANDOM
תנני בדרכך,ARTIST,RANDOM
תעזבני גולדמן,ARTIST,ARTIST
תעתועי שמש,ARTIST,ARTIST
תף מרים,ARTIST,RANDOM
תפארת הלוי,ARTIST,ARTIST
תפוח בדבש,ARTIST,RANDOM
תפול עליהם,ARTIST,RANDOM
תקשו לבבכם,ARTIST,RANDOM
תשדיר חרדי,ARTIST,RANDOM
תשובה לזקן,ARTIST,RANDOM
תשיבנו ריקם,ARTIST,RANDOM
תשלח רוחך,ARTIST,RANDOM
תשמעו ראשוןןןןןןןןבלעדי,ARTIST,RANDOM
תתיר צרורה,ARTIST,RANDOM
