אבי אילסון,אבי אילסון
אבי בבאי,אבי בבאי
אבי ביר,אבי ביר
אבי בן ישראל,אבי בן ישראל
אבי בניון,אבי בניון
אבי ברק,אבי ברק
אבי זוהר,אבי זוהר
אבי חן,אבי חן
אבי לנקרי,אבי לנקרי
אבי לרנר,אבי לרנר
אבי מילר,אבי מילר
אבי מן,אבי מן
אבי פדולינסקי,אבי פדולינסקי
אבי פרייר,אבי פרייר
אבי פרץ,אבי פרץ
אבי צליח,אבי צליח
אבי קונטנר,אבי קונטנר
אבי קראוס,אבי קראוס
אבי שרון,אבי שרון
אביב צורף,אביב צורף
אביגדור גביש,אביגדור גביש
אביגדור רוט,אביגדור רוט
אביחי דרף,אביחי דרף
אביחי חגג,אביחי חגג
אביחי חדד,אביחי חדד
אביחי נזרי,אביחי נזרי
אביחי צנעני,אביחי צנעני
אביעד גיל,אביעד גיל
אבירם שוקרון,אבירם שוקרון
אבירן אהרון,אבירן אהרון
אבישי אשל,אבישי אשל
אבישי בדין,אבישי בדין
אבישי לוי,אבישי לוי
אבישי רוזן,אבישי רוזן
אביתר בנאי,אביתר בנאי
אביתר צדוק,אביתר צדוק
אבנר דניאל,אבנר דניאל
אברהם אבוטבול,אברהם אבוטבול
אברהם דהאן,אברהם דהאן
אברהם דוד,אברהם דוד
אברהם דוד ורצברגר,אברהם דוד ורצברגר
אברהם דויטש,אברהם דויטש
אברהם טל,אברהם טל
אברהם יעקב טיילור,אברהם יעקב טיילור
אברהם מרדכי שוורץ,אברהם מרדכי שוורץ
אברהם סאמעט,אברהם סאמעט
א. פריד,אברהם פריד
אבריימל פריד,אברהם פריד
אברהם פריד,אברהם פריד
אברומי ויינברג,אברומי ויינברג
אברומי וינברג,אברומי ויינברג
אברומי ספיץ,אברומי ספיץ
אברומי פלאם,אברומי פלאם
אברומי פרייליך,אברומי פרייליך
אברומי שפיץ,אברומי שפיץ
אבריימי רוט,אבריימי רוט
אברהמי רוט,אבריימי רוט
אברימי רוט,אבריימי רוט
אברמי רוט,אבריימי רוט
אבריימי רוט,אבריימי רוט
אברימי גולדשטיין,אברימי גולדשטיין
אברימי לונגר,אברימי לונגר
אברימי שטראוס,אברימי שטראוס
אדיר גץ,אדיר גץ
אהבת ישראל,אהבת ישראל
אהוד בנאי,אהוד בנאי
אהוד חמו,אהוד חמו
אהרלה ויינטרוב,אהרל'ה וינטרוב
אהרל'ה ויינטרוב,אהרל'ה וינטרוב
אהרלה וינטרוב,אהרל'ה וינטרוב
אהרל'ה וינטרוב,אהרל'ה וינטרוב
אהרל'ה סמט,אהרל'ה סמט
אהרל'ה סאמט,אהרל'ה סמט
אהרל'ה סאמעט,אהרל'ה סמט
אהרלה סאמעט,אהרל'ה סמט
אהרלה סמט,אהרל'ה סמט
אהר'לה סאמעט,אהרל'ה סמט
אהר''לה סמט,אהרל'ה סמט
אהרן אהרוני,אהרן אהרוני
אהרן דויטש,אהרן דויטש
אהרן דנין,אהרן דנין
אהרן הלוי,אהרן הלוי
אהרן ויין,אהרן ויין
אהרן מיכאל,אהרן מיכאל
אהרן סגל,אהרן סגל
אהרן סיטבון,אהרן סיטבון
אהרן עמרם,אהרן עמרם
אהרן פרוכטר,אהרן פרוכטר
אהרן קליין,אהרן קליין
אהרון רזאל,אהרן רזאל
אהרן רזאל,אהרן רזאל
אהרן שלמה וייסמן,אהרן שלמה וייסמן
אודי אולמן,אודי אולמן
אודי דוידי,אודי דוידי
אודי דמארי,אודי דמארי
אודי טופלברג,אודי טופלברג
אוהד חתוכה,אוהד חתוכה
אוהד כהן,אוהד כהן
אוהד מושקוביץ,אוהד מושקוביץ
אוהד משיח,אוהד משיח
אוהד עוזרי,אוהד עוזרי
אוסף חזנות באידיש,אוסף חזנות באידיש
אוף שימחעס,אוף שימחעס
אופיר אלבז,אופיר אלבז
אופיר סלומון,אופיר סלומון
אור מויאל,אור מויאל
אוראל כהן,אוראל כהן
אורי אל,אורי אל
אורי אליאב,אורי אליאב
אורי גברא,אורי גברא
אורי דוידי,אורי דוידי
אורי הלר,אורי הלר
אורי זר,אורי זר
אורי פרג'ון,אורי פרג'ון
אורי שבח,אורי שבח
אוריאל אלבליה,אוריאל אלבליה
אוריאל לוי,אוריאל לוי
אוריאל מאור,אוריאל מאור
אורן ארנון,אורן ארנון
אורן ברג,אורן ברג
אורן דוד,אורן דוד
אורן צור,אורן צור
אורן תורג'מן,אורן תורג'מן
אושרי טויטו,אושרי טויטו
אחדות הנוער,אחדות הנוער
אחיה הכהן,אחיה הכהן
אחיה רובין,אחיה רובין
אחיעד חודפי,אחיעד חודפי
אידיש נחת,אידיש נחת
אידן ודותן,אידן ודותן
אייזיק האניג,אייזיק האניג
אייל אביב,אייל אביב
אייל דביר,אייל דביר
אייל טוויטו,אייל טוויטו
אייל ימין,אייל ימין
אייל כהן,אייל כהן
אייל עובד,אייל עובד
אייל עמרם,אייל עמרם
איילת השחר,איילת השחר
איל טהר,איל טהר
אילון גלזר,אילון גלזר
אילן אטדגי,אילן אטדגי
אילן דמרי,אילן דמרי
איצי וולדנר,איצי וולדנר
איצי ספינר,איצי ספינר
איצי קופולוביץ,איצי קופולוביץ
איצי קליין,איצי קליין
איצי שווארץ,איצי שווארץ
איציק אורלב,איציק אורלב
איציק אשל,איציק אשל
איציק דדיה,איציק דדיה
איציק ויינגרטן,איציק ויינגרטן
איציק וינגרטן,איציק וינגרטן
איציק כהן,איציק כהן
איציק ליפסקר,איציק ליפסקר
איציק קלה,איציק קלה
איציק שוורץ,איציק שוורץ
איתי עמרן,איתי עמרן
איתמר ארגעל,איתמר ארגעל
איתמר שטיין,איתמר שטיין
איתן כהן,איתן כהן
איתן כץ,איתן כץ
איתן לאופר,איתן לאופר
איתן קלינמן,איתן קלינמן
איתן רבני,איתן רבני
אלון מיטב,אלון מיטב
אלחי אזרד,אלחי אזרד
אלחנן נגר,אלחנן נגר
אלחנן ענבל,אלחנן ענבל
אלי אטיאס,אלי אטיאס
אלי ביגון,אלי ביגון
אלי ביער,אלי ביער
אלי גרשטנר,אלי גרשטנר
אלי דן,אלי דן
אלי הרצליך,אלי הרצליך
אלי ווייס,אלי וייס
אלי וייס,אלי וייס
אלי יפה,אלי יפה
אלי כהן,אלי כהן
אלי לאופר,אלי לאופר
אלי לוין,אלי לוין
אלי ליפסקר,אלי ליפסקר
אלי מילר,אלי מילר
אלי מנדלבאום,אלי מנדלבאום
אלי מרכוס,אלי מרכוס
אלי סלומון,אלי סלומון
אלי פרידמן,אלי פרידמן
אלי ציון,אלי ציון
אלי קליין,אלי קליין
אלי שוובל,אלי שוובל
אלי שוובר,אלי שוובר
אליאב שבו,אליאב שבו
אליה ביתן,אליה ביתן
אליה גבאי,אליה גבאי
אליה והב,אליה והב
אליהו בוזגלו,אליהו בוזגלו
אליהו חייט,אליהו חייט
אליהו לייפער,אליהו לייפער
אליהו צ'ייט,אליהו צ'ייט
אליהו שטיין,אליהו שטיין
אלימלך זינגער,אלימלך זינגער
אלימלך כהן,אלימלך כהן
אליסף חפץ,אליסף חפץ
אליעד אליהו,אליעד אליהו
אליעד נחום,אליעד נחום
אליעד ספיר,אליעד ספיר
אליעזר אוירבך,אליעזר אוירבך
אליעזר בלומן,אליעזר בלומן
אליעזר חרלפ,אליעזר חרלפ
אליעזר קאליש,אליעזר קאליש
אליקים בוטה,אליקים בוטה
אליקים ביננשטוק,אליקים ביננשטוק
אליקם בוטה,אליקם בוטה
אלירן D,אלירן D
אלישיב כהן,אלישיב כהן
אלכס קלייר,אלכס קלייר
אלנתן אברג'ל,אלנתן אברג'ל
אלעד גבאי,אלעד גבאי
אלעד גפרי,אלעד גפרי
אלעד כהן,אלעד כהן
אלעד שער,אלעד שער
אלעזר אסתרון,אלעזר אסתרון
אלעזר אסתרזון,אלעזר אסתרזון
אלעזר ולדמן,אלעזר ולדמן
אלעזר פודור,אלעזר פודור
אלעזר פרץ,אלעזר פרץ
אלקנה מרציאנו,אלקנה מרציאנו
אמיל זריהן,אמיל זריהן
אמיר אליהו,אמיר אליהו
אמיר דדון,אמיר דדון
אמיתי צדוק,אמיתי צדוק
אמני ישראל,אמני ישראל
אנדי פרידמן,אנדי פרידמן
אנשי עקשטיין,אנשי עקשטיין
אסף הרוש,אסף הרוש
אסף לוי,אסף לוי
אסף משיח,אסף משיח
אסף נגל,אסף נגל
אסף שפר,אסף שפר
אפי גרין,אפי גרין
אפרים דוד,אפרים דוד
אפרים מנדלסון,אפרים מנדלסון
אפרים מרקוביץ,אפרים מרקוביץ
ארז יחיאל,ארז יחיאל
ארי בולזנשטיין,ארי בולזנשטיין
ארי בן-ים,ארי בן-ים
ארי ברמן,ארי ברמן
ארי גולד,ארי גולד
ארי גולדוואג,ארי גולדוואג
ארי היל,ארי היל
ארי הרמן,ארי הרמן
ארי קליין,ארי קליין
ארי רוטבלט,ארי רוטבלט
ארי רייך,ארי רייך
אריאל זילבר,אריאל זילבר
אריאל כהן,אריאל כהן
אריאל רייכל,אריאל רייכל
אריה ברגר,אריה ברגר
אריה ברונר,אריה ברונר
אריה גולדברג,אריה גולדברג
אריה דרעי,אריה דרעי
אריה קונסטלר,אריה קונסטלר
אריה קרלינסקי,אריה קרלינסקי
אריה קרלניסקי,אריה קרלניסקי
אריה קרלניסקי,אריה קרלניסקי
אריין טירי,אריין טירי
אריק איינשטיין,אריק איינשטיין
אריק דביר,אריק דביר
אריק וולהיים,אריק וולהיים
אריק רודיך,אריק רודיך
ארמונד סוסנה,ארמונד סוסנה
אשר אלפסי,אשר אלפסי
אשר בנשעיה,אשר בנשעיה
אשר ברדה,אשר ברדה
אשר היינוביץ,אשר היינוביץ
אשר קרמר,אשר קרמר
בהרוז אהרוני,בהרוז אהרוני
בוכי גליק,בוכי גליק
בועז גדקה,בועז גדקה
בי-אונד עדן,בי-אונד עדן
בין השמשות,בין השמשות
ביני לנדאו,ביני לנדאו
בן סנוף,בן סנוף
בן ציון ויטלר,בן ציון ויטלר
בן ציון מילר,בן ציון מילר
בן ציון קופב-קגן,בן ציון קופב-קגן
בן ציון שנקר,בן ציון שנקר
בנג'ו בילי,בנג'ו בילי
בנגי רפאל,בנגי רפאל
בני אלבז,בני אלבז
בני הרבנים,בני הרבנים
בני לאופר,בני לאופר
בני מזרחי,בני מזרחי
בני עמר,בני עמר
בני פרידמן,בני פרידמן
בני קטן,בני קטן
בני רבינוביץ,בני רבינוביץ
בניה ברבי,בניה ברבי
בנימין אצרף,בנימין אצרף
בנימין יפת,בנימין יפת
בנימין ישראל,בנימין ישראל
בנימין כהן,בנימין כהן
בנימין מולר,בנימין מולר
בנימין פייל,בנימין פייל
בנימין שרף,בנימין שרף
בנצי טאבאק,בנצי טאבאק
בנצי קלצקין,בנצי קלצקין
בנצי שטיין,בנצי שטיין
בנציון ווברמן,בנציון ווברמן
בערי וועבר,בערי וועבר
בערי וועבער,בערי וועבר
בערי וובער,בערי וועבר
ברי וובער,בערי וועבר
בערל צוקר,בערל צוקר
בצלאל גולד,בצלאל גולד
ברוך אביטן,ברוך אביטן
ברוך אקשטיין,ברוך אקשטיין
ברוך ויזל,ברוך ויזל
ברוך חייט,ברוך חייט
ברוך כהן,ברוך כהן
ברוך לוין,ברוך לוין
ברוך נפתל,ברוך נפתל
ברוך נפתלי,ברוך נפתלי
ברוך עבוד,ברוך עבוד
ברוך שלום,ברוך שלום
בריו חקשור,בריו חקשור
ברל חגי,ברל חגי
ברק גרוסברג,ברק גרוסברג
ברק כהן,ברק כהן
ברק קרמר,ברק קרמר
ג'ו עמר,ג'ו עמר
ג'ורג' בר,ג'ורג' בר
ג'קי אליהו,ג'קי אליהו
גבי אהרון,גבי אהרון
גבי כהן,גבי כהן
גבי שטרנגר,גבי שטרנגר
גבריאל חסון,גבריאל חסון
גבריאל כהנא,גבריאל כהנא
גד אלבז,גד אלבז
גד ליאור,גד ליאור
גד פוריזן,גד פוריזן
גדי פייגולד,גדי פייגולד
גדליה סלושי,גדליה סלושי
גדעון אנה,גדעון אנה
גדעון בר,גדעון בר
גדעון לוין,גדעון לוין
גדעון פריזנט,גדעון פריזנט
גולן יונתן,גולן יונתן
גיא קהלני,גיא קהלני
גידי דבוש,גידי דבוש
גיל ישראלוב,גיל ישראלוב
גיל עקביוב,גיל עקביוב
גיל עקיביוב,גיל עקיביוב
גיל רבי,גיל רבי
גל אורן,גל אורן
גל חייק,גל חייק
גלעד בראונשטיין,גלעד בראונשטיין
גלעד פוטולסקי,גלעד פוטולסקי
גקי אלקים,גקי אלקים
גרוב סגול,גרוב סגול
גרשון ורובה,גרשון ורובה
גרשון סירוטה,גרשון סירוטה
גרשון פריישטט,גרשון פריישטט
גרשי אורי,גרשי אורי
גרשי שווארץ,גרשי שווארץ
דב אינדיג,דב אינדיג
דב הופמאן,דב הופמאן
דב הנדלר,דב הנדלר
דב לוין,דב לוין
דב פרקש,דב פרקש
דב שורין,דב שורין
דדי גראוכר,דדי גראוכר
דובי ברסטון,דובי ברסטון
דובי דוד,דובי דוד
דובי מיזלס,דובי מייזלס
דובי מייזלס,דובי מייזלס
דוד אבבו,דוד אבבו
דוד אולמן,דוד אולמן
דוד אצרף,דוד אצרף
דוד אשר,דוד אשר
דוד בארי,דוד בארי
דוד בן ארזה,דוד בן ארזה
דוד ברג,דוד ברג
דוד גבאי,דוד גבאי
דוד גרוס,דוד גרוס
דוד גרין,דוד גרין
דוד דאור,דוד דאור
דוד האניג,דוד האניג
דוד היל,דוד היל
דוד ויינבך,דוד ויינבך
דוד ורדיגר,דוד ורדיגר
דוד חזיזה,דוד חזיזה
דוד חפצדי,דוד חפצדי
דוד יהושע,דוד יהושע
דוד יצחק,דוד יצחק
דוד כהן,דוד כהן
דוד לואי,דוד לואי
דוד לייפער,דוד לייפער
דוד לעוי,דוד לעוי
דוד מושקוביץ,דוד מושקוביץ
דוד מרגליות,דוד מרגליות
דוד נחום,דוד נחום
דוד ניר,דוד ניר
דוד סיטבון,דוד סיטבון
דוד סקייסט,דוד סקייסט
דוד סרברו,דוד סרברו
דוד פרופיס,דוד פרופיס
דוד פרלמן,דוד פרלמן
דוד צוברי,דוד צוברי
דוד קוסביצקי,דוד קוסביצקי
דוד קלצקין,דוד קלצקין
דוד רויטמן,דוד רויטמן
דוד ריימונד,דוד ריימונד
דוד שאבי,דוד שאבי
דוד שאמולא,דוד שאמולא
דוד שוורץ,דוד שוורץ
דוד שטיין,דוד שטיין
דוד שירו,דוד שירו
דוד שליסלברג,דוד שליסלברג
דוד שמחה,דוד שמחה
דוד שפירא,דוד שפירא
דודו אהרון,דודו אהרון
דודו דרעי,דודו דרעי
דודו פישר,דודו פישר
דודי הרץ,דודי הרץ
דודי הרשקופ,דודי הרשקופ
דודי לינקר,דודי לינקר
דודי פלדמן,דודי פלדמן
דודי פרימשן,דודי פרימשן
דודי קאליש,דודי קאליש
דודי קנאפלער,דודי קנאפלער
דודי קנופלר,דודי קנופלר
דודי קנפלר,דודי קנפלר
דודי קפלר,דודי קפלר
דודי רוט,דודי רוט
דוי פלדמן,דוי פלדמן
דוידי נחשון,דוידי נחשון
דורון ברדא,דורון ברדא
דייויד טויב,דייויד טויב
דן אביחי,דן אביחי
דן סלומון,דן סלומון
דן פולייף,דן פולייף
דני גולן,דני גולן
דני ממן,דני ממן
דני פלגון,דני פלגון
דני קונסטלר,דני קונסטלר
דניאל אדמון,דניאל אדמון
דניאל גרינוואוד,דניאל גרינוואוד
דניאל דהאן,דניאל דהאן
דניאל וולדמן,דניאל וולדמן
דניאל ישי,דניאל ישי
דניאל ישראל,דניאל ישראל
דניאל לוי,דניאל לוי
דניאל מזרחי,דניאל מזרחי
דניאל סעדון,דניאל סעדון
דניאל צאיג,דניאל צאיג
דניאל קדוש,דניאל קדוש
דניאל קרייטנברגר,דניאל קרייטנברגר
דניאל רחמים,דניאל רחמים
דרך אחים,דרך אחים
האחים אזולאי,האחים אזולאי
האחים בוקסבוים,האחים בוקסבוים
האחים ברונר,האחים ברונר
האחים ברקו,האחים ברקו
האחים הורביץ,האחים הורביץ
האחים ויינברג,האחים ויינברג
האחים למר,האחים למר
האחים סלומון,האחים סלומון
האחים פורטנוי,האחים פורטנוי
האחים שפירא,האחים שפירא
האסק,האסק
הורה קדצקה,הורה קדצקה
הינדיק הפקות,הינדיק הפקות
הלל זכאי,הלל זכאי
הלל מאיר,הלל מאיר
הלל פולק,הלל פולק
הלל פלאי,הלל פלאי
הלל קפלניק,הלל קפלניק
המאמינים האנונימיים,המאמינים האנונימיים
המזמרים,המזמרים
המנגנים,המנגנים
הנערים שרים,הנערים שרים
הערשי אייזינבך,הערשי אייזינבך
הערשי וייס,הערשי וייס
הערשי וינברגר,הערשי וינברגר
הערשי ויינברגר,הערשי וינברגר
הערשי רוזנבאום,הערשי רוזנבאום
הערשי רוטנברג,הערשי רוטנברג
הקינדרלעך,הקינדרלעך
הראל חדד,הראל חדד
הראל טל,הראל טל
הראל מויאל,הראל מויאל
הראל סקעת,הראל סקעת
הרשי מושקוביץ,הרשי מושקוביץ
הרשי רוטנברג,הרשי רוטנברג
השי רובי,השי רובי
וולוול מרנץ,וולוול מרנץ
זאבי הופמן,זאבי הופמן
זאבי וולס,זאבי וולס
זאבי קאופמן,זאבי קאופמן
זאבי קראושר,זאבי קראושר
זאנוויל ויינברגר,זאנוויל ויינברגר
זאנוויל ויינברגר,זאנוויל ויינברגר
זבולון נתנוב,זבולון נתנוב
זושא ולנזבאום,זושא ולנזבאום
זושא שמעלצר,זושא שמעלצר
זכריה מקייטן,זכריה מקייטן
זלמן פולק,זלמן פולק
זלמן שטוב,זלמן שטוב
זמר הפקות,זמר הפקות
חברים בנוף,חברים בנוף
חגי ימיני,חגי ימיני
חוני מילקי,חוני מילקי
חזקי טאלר,חזקי טאלר
חיים אדלר,חיים אדלר
חיים איפרגן,חיים איפרגן
חיים אלטמן,חיים אלטמן
חיים אליעזר הרשטיק,חיים אליעזר הרשטיק
חיים בלומפלד,חיים בלומפלד
חיים בנעט,חיים בנט
חיים בנט,חיים בנט
חיים באנעט,חיים בנט
חיים בר,חיים בר
חיים ברוין,חיים ברוין
חיים ברקוביץ,חיים ברקוביץ
חיים ג'רבי,חיים ג'רבי
חיים גולד,חיים גולד
חיים גנץ,חיים גנץ
חיים גרין,חיים גרין
חיים דבש,חיים דבש
חיים דוד,חיים דוד
חיים וייס,חיים וייס
חיים חדד,חיים חדד
חיים ישכיל,חיים ישכיל
חיים ישראל,חיים ישראל
חיים מרדכי אקשטיין,חיים מרדכי אקשטיין
חיים נוטוביץ,חיים נוטוביץ
חיים נחמן,חיים נחמן
חיים סוזנה,חיים סוזנה
חיים עקשטיין,חיים עקשטיין
חיים צדיק,חיים צדיק
חיים ציפל,חיים ציפל
חיים קוזוכוביץ,חיים קוזוכוביץ
חיים קניג,חיים קניג
חיים רביבו,חיים רביבו
חיים שלמה מאייעס,חיים שלמה מאייעס
חיים שלמה מייעס,חיים שלמה מייעס
חיים שלמה מייעס,חיים שלמה מייעס
חילו גנוט,חילו גנוט
חיליק פראנק,חיליק פראנק
חנן בן ארי,חנן בן ארי
חננאל אוחנה,חננאל אוחנה
חנניה אלמליח,חנניה אלמליח
חנניה ביגון,חנניה ביגון
טוביה בולטון,טוביה בולטון
טום קשתי,טום קשתי
טל גור,טל גור
טל נאה,טל נאה
טל שגב,טל שגב
יאיר אלייצור,יאיר אליצור
יאיר אליצור,יאיר אליצור
יאיר גדסי,יאיר גדסי
יאיר דוד,יאיר דוד
יאיר וכטל,יאיר וכטל
יאיר כלב,יאיר כלב
יאיר שריון,יאיר שריון
יאן פריס,יאן פריס
יגאל צליק,יגאל צליק
יגל אלנקרי,יגל אלנקרי
יגל הרוש,יגל הרוש
יגל צברי,יגל צברי
ידידיה וקסלר,ידידיה וקסלר
ידידיה חייט,ידידיה חייט
ידידיה יהושע,ידידיה יהושע
ידן כהן,ידן כהן
יהודה ברוך,יהודה ברוך
יהודה גלאנץ,יהודה גלאנץ
יהודה גרין,יהודה גרין
יהודה דים,יהודה דים
יהודה וחבריו,יהודה וחבריו
יהודה וייס,יהודה וייס
יהודה זיתון,יהודה זיתון
יהודה לויכטר,יהודה לויכטר
יהודה מור,יהודה מור
יהודה מעטוף,יהודה מעטוף
יהודה ניצן,יהודה ניצן
יהודה סעדו,יהודה סעדו
יהודה פליישמן,יהודה פליישמן
יהודה פרוינדליך,יהודה פרוינדליך
יהודה צ'יק,יהודה צ'יק
יהודה קובלסקי,יהודה קובלסקי
יהודה רוטנר,יהודה רוטנר
יהודה שובל,יהודה שובל
יהודה שוקרון,יהודה שוקרון
יהודה שמעה,יהודה שמעה
יהודה שפירו,יהודה שפירו
יהונתן ניצן,יהונתן ניצן
יהורם גאון,יהורם גאון
יהושע אנגלמן,יהושע אנגלמן
יהושע בערקא,יהושע בערקא
יהושע האנשטטר,יהושע האנשטטר
יהושע ווידער,יהושע ווידער
יהושע לימוני,יהושע לימוני
יהושע מנדלוביץ,יהושע מנדלוביץ
יהושע רוט,יהושע רוט
יואל אלהרר,יואל אלהרר
יואל בריזל,יואל בריזל
יואל גליק,יואל גליק
יואל דוד,יואל דוד
יואל וייס,יואל וייס
יואל טייכמן,יואל טייכמן
יואל נפחא,יואל נפחא
יואל פאלקוויטש,יואל פאלקוויטש
יואל פרידמן,יואל פרידמן
יואל ראטה,יואל ראטה
יואל רוט,יואל רוט
יואלי גליק,יואלי גליק
יואלי גרינפלד,יואלי גרינפלד
יואלי דוידוביץ,יואלי דוידוביץ
יואלי דיקמן,יואלי דיקמן
יואלי וייס,יואלי וייס
יואלי פלקוביץ,יואלי פלקוביץ
יואלי קליין,יואלי קליין
יואלי שטיינברג,יואלי שטיינברג
יובל טייב,יובל טייב
יובל מנצורה,יובל מנצורה
יובל פרוינד,יובל פרוינד
יוהן מיכאל,יוהן מיכאל
יוחאי כהן,יוחאי כהן
יוחי בריסקמן,יוחי בריסקמן
יוחנן אורי,יוחנן אורי
יומי ולייזער,יומי ולייזער
יומי לואי,יומי לואי
יומי רוזנבאום,יומי רוזנבאום
יונגערליך,יונגערליך
יונה קריאף,יונה קריאף
יוני גנוט,יוני גנוט
יוני זיגלבוים,יוני זיגלבוים
יוני זיגמונד,יוני זיגמונד
יוני זיגמונד,יוני זיגמונד
יוני זינגלבוים,יוני זינגלבוים
יוני יעיש,יוני יעיש
יוני רכטר,יוני רכטר
יוני שלמה,יוני שלמה
יונתן דרור,יונתן דרור
יונתן היל,יונתן היל
יונתן ווייס,יונתן ווייס
יונתן ויניק,יונתן ויניק
יונתן זילברשייד,יונתן זילברשייד
יונתן חן,יונתן חן
יונתן מנת,יונתן מנת
יונתן רזאל,יונתן רזאל
יונתן שווארץ,יונתן שווארץ
יונתן שחר,יונתן שחר
יונתן שטנצל,יונתן שטנצל
יונתן שטרן,יונתן שטרן
יונתן שיינפלד,יונתן שיינפלד
יונתן שינפלד,יונתן שיינפלד
יונתן שיינפלד,יונתן שיינפלד
יונתן שלגבוים,יונתן שלגבוים
יוסי אוברמייסטר,יוסי אוברמייסטר
יוסי אזולאי,יוסי אזולאי
יוסי בלומבערג,יוסי בלומבערג
יוסי ברגר,יוסי ברגר
יוסי ברדא,יוסי ברדא
יוסי ג'ייקובס,יוסי ג'ייקובס
יוסי גולדשטיין,יוסי גולדשטיין
יוסי גלנץ,יוסי גלנץ
יוסי גרוס,יוסי גרוס
יוסי גרין,יוסי גרין
יוסי חגבי,יוסי חגבי
יוסי כהן,יוסי כהן
יוסי לוונבראון,יוסי לוונבראון
יוסי נטיב,יוסי נטיב
יוסלה ורשבסקי,יוסלה ורשבסקי
יוסלה רוזנבלט,יוסלה רוזנבלט
יוסלה רוזנבלט חדש,יוסלה רוזנבלט חדש
יוסף ברגר,יוסף ברגר
יוסף דוד גוטסמן,יוסף דוד גוטסמן
יוסף וורטלסקי,יוסף וורטלסקי
יוסף חיים ביטון,יוסף חיים ביטון
יוסף חיים שוואקי,יוסף חיים שוואקי
יוסף מור,יוסף מור
יוסף מלובני,יוסף מלובני
יוסף משה כהנא,יוסף משה כהנא
יוסף נטיב,יוסף נטיב
יוסף עבאדי,יוסף עבאדי
יוסף קוגלר,יוסף קוגלר
יוסף קרדונר,יוסף קרדונר
יוסף שילסקי,יוסף שילסקי
יורם צוברי,יורם צוברי
יחזקאל בראון,יחזקאל בראון
יחזקאל קלאנג,יחזקאל קלאנג
יחיאל ליכטיגר,יחיאל ליכטיגר
יידל ורדיגר,יידל ורדיגר
ילדי המלאכים,ילדי המלאכים
ילדי המלך,ילדי המלך
ילדי סוריה,ילדי סוריה
ינון טייב,ינון טייב
ינון מרדכי,ינון מרדכי
יענקי ברוין,יענקי ברוין
יענקי ומאיר,יענקי ומאיר
יענקי זינגבוים,יענקי זינגבוים
יענקי עקשטיין,יענקי עקשטיין
יענקי שטרן,יענקי שטרן
יעקב אונגר,יעקב אונגר
יעקב ברינה,יעקב ברינה
יעקב הערבליך,יעקב הערבליך
יעקב יוסף שטארק,יעקב יוסף שטארק
יעקב יצחק רויזנפלד,יעקב יצחק רויזנפלד
יעקב כץ,יעקב כץ
יעקב מוצן,יעקב מוצן
יעקב מוצן,יעקב מוצן
יעקב פלדשטיין,יעקב פלדשטיין
יעקב קליין,יעקב קליין
יעקב רוזנפלד,יעקב רוזנפלד
יעקב רוטבלט,יעקב רוטבלט
יעקב שוואקי,יעקב שוואקי
יעקב שטיינרמן,יעקב שטיינרמן
יפתח דקל,יפתח דקל
יצחק ביטון,יצחק ביטון
יצחק דוד ברייטשטין,יצחק דוד ברייטשטין
יצחק הלוי,יצחק הלוי
יצחק מאיר,יצחק מאיר
יצחק מאיר הלפגוט,יצחק מאיר הלפגוט
יצחק משענייה,יצחק משענייה
יצחק פנחסי,יצחק פנחסי
יקיר יאיר,יקיר יאיר
ירון בר,ירון בר
ישי ביטון,ישי ביטון
ישי לפידות,ישי לפידות
ישי מאיר,ישי מאיר
ישי מדר,ישי מדר
ישי סיידוף,ישי סיידוף
ישי ריבו,ישי ריבו
ישי שין,ישי שין
ישי שיין,ישי שין
ישיבה בויס,ישיבה בויס
ישיבת אשרינו,ישיבת אשרינו
ישיבת וואטרברי,ישיבת וואטרברי
ישיבת משכנותיך,ישיבת משכנותיך
ישעי לברון,ישעי לברון
ישעיה אילאוויטש,ישעיה אילאוויטש
ישעיה מנדלוביץ,ישעיה מנדלוביץ
ישראל אדלר,ישראל אדלר
ישראל אליאס,ישראל אליאס
ישראל ברגמן,ישראל ברגמן
ישראל ג'רופי,ישראל ג'רופי
ישראל גברא,ישראל גברא
ישראל גינסברג,ישראל גינסברג
ישראל גרופי,ישראל גרופי
ישראל דגן,ישראל דגן
ישראל דנגר,ישראל דנגר
ישראל ויליגר,ישראל ויליגר
ישראל וקסלמן,ישראל וקסלמן
ישראל ורדיגר,ישראל ורדיגר
ישראל לאוב,ישראל לאוב
ישראל מן,ישראל מן
ישראל נחמן,ישראל נחמן
ישראל סוסנה,ישראל סוסנה
ישראל צוברי,ישראל צוברי
ישראל ראנד,ישראל ראנד
ישראל רנד,ישראל רנד
ישראל שאר,ישראל שאר
ישראל שטרן,ישראל שטרן
ישראל שכטר,ישראל שכטר
לב טהור,לב טהור
להקת ארמוניה,להקת ארמוניה
להקת דביקות,להקת דביקות
להקת המדרגות,להקת המדרגות
להקת המושב,להקת המושב
להקת חסידיזיץ,להקת חסידיזיץ
להקת כוונה,להקת כוונה
להקת לכתחילה,להקת לכתחילה
להקת נהורא,להקת נהורא
להקת סינגרס,להקת סינגרס
להקת שחר,להקת שחר
להקת שלוה,להקת שלוה
להקת שפתיים,להקת שפתיים
לוי כהן,לוי כהן
לוי פלקוביץ,לוי פלקוביץ
לחיים גרין,לחיים גרין
ליאור דוד,ליאור דוד
ליאור פרחי,ליאור פרחי
לייבלה גלאנץ,לייבלה גלאנץ
לייבלה השל,לייבלה השל
לייבלה ולדמן,לייבלה ולדמן
ליפא גלנץ,ליפא גלנץ
ליפא חממי,ליפא חממי
ליפא שמעלצר,ליפא שמעלצר
ליפא שמעלצער,ליפא שמעלצר
לירון דקל,לירון דקל
מאור אדרי,מאור אדרי
מאור אשואל,מאור אשואל
מאיר אדלר,מאיר אדלר
מאיר אמסילי,מאיר אמסילי
מאיר בורשטיין,מאיר בורשטיין
מאיר גפני,מאיר גפני
מאיר גרינוולד,מאיר גרינוולד
מאיר הופשטטר,מאיר הופשטטר
מאיר חג'בי,מאיר חג'בי
מאיר ישראל,מאיר ישראל
מאיר מסוארי,מאיר מסוארי
מאיר צ'טרקוב,מאיר צ'טרקוב
מאיר קליין,מאיר קליין
מאיר קליינר,מאיר קליינר
מאיר רוזבלום,מאיר רוזבלום
מאיר רוזנברג,מאיר רוזנברג
מאיר ריבקין,מאיר ריבקין
מוטי אטיאס,מוטי אטיאס
מוטי אילוויטש,מוטי אילוביץ
מוטי אילאוויטש,מוטי אילוביץ
מאטי אילוויטש,מוטי אילוביץ
מוטי אילוביץ,מוטי אילוביץ
מוטי אילוביץ',מוטי אילוביץ
מוטי איילוביץ,מוטי אילוביץ
מוטי אילוויטש,מוטי אילוויטש
מוטי אלטמן,מוטי אלטמן
מוטי גולדמן,מוטי גולדמן
מוטי ויזל,מוטי ויזל
מוטי וייס,מוטי וייס
מוטי כהן,מוטי כהן
מוטי כץ,מוטי כץ
מוטי פלדמן,מוטי פלדמן
מוטי רוזנפלד,מוטי רוזנפלד
מוטי רוטלר,מוטי רוטלר
מוטי שטיינמץ,מוטי שטיינמץ
מוטי שטרן,מוטי שטרן
מוישי גרין,מוישי גרין
מוישי וייס,מוישי וייס
מוישי ולדמן,מוישי ולדמן
מוישי ניילנדר,מוישי ניילנדר
מוישי פריינד,מוישי פריינד
מוישי פריינד,מוישי פריינד
מוישי שוורץ,מוישי שוורץ
מונה רוזנבלום,מונה רוזנבלום
מורן קריטי,מורן קריטי
מזמור הפקות,מזמור הפקות
מידד טסה,מידד טסה
מיילך קהאן,מיילך קהאן
מייקי מוקטון,מייקי מוקטון
מיכאל אזולאי,מיכאל אזולאי
מיכאל נדטה,מיכאל נדטה
מיכאל פרוזנסקי,מיכאל פרוזנסקי
מיכאל פרץ,מיכאל פרץ
מיכאל צידון,מיכאל צידון
מיכאל שטרייכר,מיכאל שטרייכר
מיכאל שניצלר,מיכאל שניצלר
מיכה גמרמן,מיכה גמרמן
מיכה שקד,מיכה שקד
מיקי מוקטון,מיקי מוקטון
מיקי שפיצר,מיקי שפיצר
מישל פרדס,מישל פרדס
מכביטס,מכביטס
מלך זילברשלג,מלך זילברשלג
מנדי ג'יי,מנדי ג'יי
מנדי ג'קובס,מנדי ג'קובס
מנדי ג'רופי,מנדי ג'רופי
מנדי גרופי,מנדי גרופי
מנדי ווארש,מנדי ווארש
מנדי וורך,מנדי וורך
מנדי ויינרב,מנדי ויינרב
מנדי וייס,מנדי וייס
מנדי פורטנוי,מנדי פורטנוי
מנדי שפירא,מנדי שפירא
מנדל גולדמן,מנדל גולדמן
מנחם אירנשטיין,מנחם אירנשטיין
מנחם בלוי,מנחם בלוי
מנחם לוי,מנחם לוי
מנחם שוקרון,מנחם שוקרון
מני גל,מני גל
מענדי וואלד,מענדי וואלד
מענדל ראטה,מענדל ראטה
מקהלת ברודערס,מקהלת ברודערס
מקהלת זמרה,מקהלת זמרה
מקהלת ידידים,מקהלת ידידים
מקהלת יחד,מקהלת יחד
מקהלת כתר,מקהלת כתר
מקהלת לב,מקהלת לב
מקהלת לחיים,מקהלת לחיים
מקהלת מלכות,מקהלת מלכות
מקהלת משאלות,מקהלת משאלות
פרחי משאלות,מקהלת משאלות
להקת משאלות,מקהלת משאלות
מקהלת נריע,מקהלת נריע
מקהלת נרננה,מקהלת נרננה
מקהלת נשמחה,מקהלת נשמחה
מקהלת שירה,מקהלת שירה
מרדכי ארבל,מרדכי ארבל
מרדכי אשכנזי,מרדכי אשכנזי
מבד,מרדכי בן דוד
מרדכי בן דוד,מרדכי בן דוד
מרדכי גרנביץ,מרדכי גרנביץ
מרדכי הרשמן,מרדכי הרשמן
מרדכי כהן,מרדכי כהן
מרדכי סובול,מרדכי סובול
מרדכי רוט,מרדכי רוט
מרדכי שפירא,מרדכי שפירא
מריו חקשור,מריו חקשור
מרניג סמאק,מרניג סמאק
מרניק סמאק,מרניק סמאק
משה אברמוב,משה אברמוב
משה אדוריאן,משה אדוריאן
משה אוישר,משה אוישר
משה ביטון,משה ביטון
משה גרין,משה גרין
משה דאודי,משה דאודי
משה דדון,משה דדון
משה דוויק,משה דוויק
משה הומינר,משה הומינר
משה טבקולי,משה טבקולי
משה יעקב,משה יעקב
משה כורסיה,משה כורסיה
משה לאופר,משה לאופר
משה לוק,משה לוק
משה מנדלסון,משה מנדלסון
משה סקאלר,משה סקאלר
משה פלד,משה פלד
משה פלייב,משה פלייב
משה פפירוב,משה פפירוב
משה פרץ,משה פרץ
משה קוסביצקי,משה קוסביצקי
משה קליין,משה קליין
משה שולהוף,משה שולהוף
משה שטרן,משה שטרן
משולם גרינברגר,משולם גרינברגר
משפחת ברונר,משפחת ברונר
משפחת דיקמן,משפחת דיקמן
משפחת מלבסקי,משפחת מלבסקי
בן ציון קלצקו,משפחת קלצקו
אלישע קלצקו,משפחת קלצקו
אבי קלצקו,משפחת קלצקו
בנימין קלצקו,משפחת קלצקו
לוזי קלצקו,משפחת קלצקו
מתיבתא ווטורברי,מתיבתא ווטורברי
נאור אלחדד,נאור אלחדד
נאור כהן,נאור כהן
נדב ביטון,נדב ביטון
נדב גדליה,נדב גדליה
נדב מירנדה,נדב מירנדה
נהוראי אריאלי,נהוראי אריאלי
נועם רמתי,נועם רמתי
נותי ליברמן,נותי ליברמן
נח פלאי,נח פלאי
נח פלאי,נח פלאי
נחמן גולדברג,נחמן גולדברג
נחמן זלטא,נחמן זלטא
נחמן לייפר,נחמן לייפר
נחמן סלצר,נחמן סלצר
נחמן פילמר,נחמן פילמר
ניסים בלאק,ניסים בלאק
ניסים ברוך,ניסים ברוך
ניר ומשה,ניר ומשה
ניר קפטן,ניר קפטן
נמואל הרוש,נמואל הרוש
נפקא מינה,נפקא מינה
נפתלי הרשטיק,נפתלי הרשטיק
נפתלי קמפה,נפתלי קמפה
נריה אנג'ל,נריה אנג'ל
נתי אביבי,נתי אביבי
נתי חדד,נתי חדד
נתי לוי,נתי לוי
נתי לוין,נתי לוין
נתן מרדכי הרשטיק,נתן מרדכי הרשטיק
נתן שטיינברג,נתן שטיינברג
נתנאל אילוביצקי,נתנאל אילוביצקי
נתנאל גנץ,נתנאל גנץ
נתנאל הרשטיק,נתנאל הרשטיק
נתנאל ישראל,נתנאל ישראל
נתנאל מנת,נתנאל מנת
נתנאל מרשל,נתנאל מרשל
סהר אתירם,סהר אתירם
סטרומז באנד,סטרומז באנד
סנדי אופמן,סנדי אופמן
סנדי שמואלי,סנדי שמואלי
עדי גביסון,עדי גביסון
עדי רן,עדי רן
עובדיה חממה,עובדיה חממה
עודד מנשרי,עודד מנשרי
עוזי נעים,עוזי נעים
עוזיה צדוק,עוזיה צדוק
עומר ביטון,עומר ביטון
עומרי זליג,עומרי זליג
עופר שמיר,עופר שמיר
עזי שוורץ,עזי שוורץ
עידו פורטל,עידו פורטל
עידו קפטן,עידו קפטן
עידן יניב,עידן יניב
עלי מוהר,עלי מוהר
עמי אור,עמי אור
עמי הלר,עמי הלר
עמי שער,עמי שער
עמיחי סובר,עמיחי סובר
עמיחי פלסר,עמיחי פלסר
עמיחי שפיגלר,עמיחי שפיגלר
עמיר בניון,עמיר בניון
עמיר כהן,עמיר כהן
עמירן דביר,עמירן דביר
עמית ליסטונד,עמית ליסטוונד
עמית ליסטוונד,עמית ליסטוונד
עמית סופר,עמית סופר
עמנואל טוביאנה,עמנואל טוביאנה
עמנואל שולמן,עמנואל שולמן
עמרם ביטון,עמרם ביטון
עמרם גרין,עמרם גרין
עקיבא געלב,עקיבא געלב
עקיבא גרומן,עקיבא גרומן
עקיבא רוט,עקיבא רוט
עקיבא שכטר,עקיבא שכטר
ערן אברג'ל,ערן אברג'ל
ערן קליין,ערן קליין
פ. אספיס,פ. אספיס
פייבל גרינבערג,פייבל גרינבערג
פיני איינהורן,פיני אינהורן
פיני אינהורן,פיני אינהורן
פיני שכטר,פיני שכטר
פיניע שטיינווארצעל,פיניע שטיינווארצעל
פינקי וובער,פינקי וובער
פנחס בראון,פנחס בראון
פנחס ברייער,פנחס ברייער
פנחס דוליסקי,פנחס דוליסקי
פנחס הלוי,פנחס הלוי
פנחס כהן,פנחס כהן
פנחס פאמפ,פנחס פאמפ
פסח ג'וסף,פסח ג'וסף
פרוייקט קפיצת הדרך,פרויקט קפיצת הדרך
קפיצת הדרך,פרויקט קפיצת הדרך
פרויקט קפיצת הדרך,פרויקט קפיצת הדרך
פרחי אהרון,פרחי אהרון
פרחי אנטוורפן,פרחי אנטוורפן
פרחי גייטסהד,פרחי גייטסהד
פרחי השומרון,פרחי השומרון
פרחי טורונטו,פרחי טורונטו
פרחי ירושלים,פרחי ירושלים
פרחי ישורון,פרחי ישורון
פרחי מיאמי,פרחי מיאמי
פרחי נעם,פרחי נעם
פרחי ציון,פרחי ציון
פרחי רעים,פרחי רעים
פרחי שונות,פרחי שונות
פרחי שלהבת,פרחי שלהבת
צבי גרינהיים,צבי גרינהיים
צבי הורוביץ,צבי הורוביץ
צבי וייס,צבי וייס
צבי זילברשטיין,צבי זילברשטיין
צבי סילברשטיין,צבי סילברשטיין
צודיק גרינוולד,צודיק גרינוולד
צליל וזמר,צליל וזמר
צמד ילד,צמד ילד
צפריר יפרח,צפריר יפרח
קובי אפללו,קובי אפללו
קובי ברומר,קובי ברומר
קובי גרינבוים,קובי גרינבוים
קובי פרץ,קובי פרץ
קולין שחט,קולין שחט
קומזינג,קומזינג
קונצרט חזנות,קונצרט חזנות
ראובן גרבר,ראובן גרבר
ראובן יזדיאן,ראובן יזדיאן
רולי דיקמן,רולי דיקמן
רועי הרוש,רועי הרוש
רועי חתן,רועי חתן
רועי לביא,רועי לביא
רועי פיינמן,רועי פיינמן
רזיאל חי,רזיאל חי
ריצ'רד טאקר,ריצ'רד טאקר
רמי קלינשטיין,רמי קלינשטיין
רפאל אוזן,רפאל אוזן
רפאל בן,רפאל בן
רפאל דוד,רפאל דוד
רפאל זמיר,רפאל זמיר
רפאל מלול,רפאל מלול
רפאל סקורי,רפאל סקורי
רפאל פרידר,רפאל פרידר
שאול חיון,שאול חיון
שאולי וולדנר,שאולי וולדנר
שגיא שלום,שגיא שלום
שוכי גולדשטיין,שוכי גולדשטיין
שולי רנד,שולי רנד
שוקי סלומון,שוקי סלומון
שוקי סעדון,שוקי סעדון
שי ברק,שי ברק
שי גבסו,שי גבסו
שי דיבו,שי דיבו
שי לייכטמן,שי לייכטמן
שי עמר,שי עמר
שי צברי,שי צברי
שייע אילוביץ,שייע אילוביץ
שייע ברקו,שייע ברקו
שימי אפשטיין,שימי אפשטיין
שימי דיאי,שימי דיאי
שימי יונייב,שימי יונייב
שימי לוי,שימי לוי
שימי לפשיץ,שימי לפשיץ
שימי רבינוביץ,שימי רבינוביץ
שימי שטיינמעץ,שימי שטיינמעץ
שימי שפיץ,שימי שפיץ
פרחי שירה חדשה,שירה חדשה
שירה חדשה,שירה חדשה
שירת ההמונים,שירת המונים
קולולם,שירת המונים
שירת המונים,שירת המונים
קולעוילם,שירת המונים
ישיבשיר,שירת המונים
שלהבת,שלהבת
שלוימי בוקשפן,שלוימי בוקשפן
שלוימי גרטנר,שלוימי גרטנר
שלומי גרטנר,שלוימי גרטנר
שלוימי דסקל,שלוימי דסקל
שלוימי טויסיג,שלוימי טויסיג
שלוימי טויסיג,שלוימי טויסיג
שלוימי טויסיג,שלוימי טויסיג
שלוימי קצנלבוגן,שלוימי קצנלבוגן
שלום ברנהולץ,שלום ברנהולץ
שלום כץ,שלום כץ
שלום לעמער,שלום לעמער
שלום סאל,שלום סאל
שלום פרוינד,שלום פרוינד
שלום קליינלרר,שלום קליינלרר
שלומי ברנשטיין,שלומי ברנשטיין
שלומי וילמן,שלומי וילמן
שלומי ורצברג,שלומי ורצברג
שלומי יפרח,שלומי יפרח
שלומי סלמן,שלומי סלמן
שלומי שבת,שלומי שבת
שלומי שטויבר,שלומי שטויבר
שלמה אייזנבך,שלמה אייזנבך
שלמה ארצי,שלמה ארצי
שלמה גליק,שלמה גליק
שלמה גרוניך,שלמה גרוניך
שלמה יהודה רכניץ,שלמה יהודה רכניץ
שלמה כהן,שלמה כהן
שלמה כץ,שלמה כץ
שלמה קאליש,שלמה קאליש
שלמה קרליבך,שלמה קרליבך
שלמה רגה,שלמה רגה
שלמה שמחה,שלמה שמחה
שלשלת,שלשלת
שלשלת ג'וניור,שלשלת ג'וניור
שמואל אלהרר,שמואל אלהרר
שמואל ברונר,שמואל ברונר
שמואל ברזילי,שמואל ברזילי
שמואל גרינמן,שמואל גרינמן
שמואל הוניג,שמואל הוניג
שמואל הררי,שמואל הררי
שמואל ויגודה,שמואל ויגודה
שמואל יונה,שמואל יונה
שמואל יצחקי,שמואל יצחקי
שמואל פרדניק,שמואל פרדניק
שמואל רודענסקי,שמואל רודענסקי
שמואלי הורביץ,שמואלי הורביץ
שמוליק ישורון,שמוליק ישורון
שמוליק לוטרמן,שמוליק לוטרמן
שמוליק קלוסקי,שמוליק קלוסקי
שמוליק קליין,שמוליק קליין
שמחה ורדיגר,שמחה ורדיגר
שמחה יוסקוביץ ,שמחה יוסקוביץ 
שמחה יעקובי,שמחה יעקובי
שמחה לוונשטיין,שמחה לוונשטיין
שמחה ליינר,שמחה ליינר
שמחה פרידמן,שמחה פרידמן
שמחת החיים,שמחת החיים
שמי מרציאנו,שמי מרציאנו
שמילי אונגר,שמילי אונגר
שמילי אונגר,שמילי אונגר
שמילי קליין,שמילי קליין
שמילי שטיינבערג,שמילי שטיינבערג
שמעון טובול,שמעון טובול
שמעון מלכובסקי,שמעון מלכובסקי
שמעי אנגל,שמעי אנגל
שמעיה סילברמן,שמעיה סילברמן
שמש מיוזיק,שמש מיוזיק
שמשון דלקוביץ,שמשון דלקוביץ
שניאור אוחיון,שניאור אוחיון
שעיה אליוביץ,שעיה אליוביץ
שעיה ברים,שעיה ברים
שעיה רובנשטיין,שעיה רובנשטיין
שערי יושר,שערי יושר
שרגי גרסטנר,שרגי גרסטנר
שרגי גשטטנר,שרגי גשטטנר
שרולי ברונכר,שרולי ברונכר
שרולי גינסברג,שרולי גינסברג
שרולי גרין,שרולי גרין
שרולי וייס,שרולי וייס
שרולי ליפשיץ,שרולי ליפשיץ
שרולי שטרייכר,שרולי שטרייכר
שרוליק הרשטיק,שרוליק הרשטיק
שרוליק רוזנטל,שרוליק רוזנטל
שרוליק רייזמן,שרוליק רייזמן
שרון אביחלק,שרון אביחלק
תומר חתוכה,תומר חתוכה
תיאודור ביקל,תיאודור ביקל
סיני תור,סיני תור
משה חבושה,משה חבושה
עקיבא תורג'מן,עקיבא תורג'מן
פורת נוב,פורת נוב