Column A,Column B
מוטי עויזר - שוש אשיש,מוטי עויזר
מושי ולס,מושי ולס
מלך מלכי המלכים קינדרלך,קינדרלך
משה דמן & יצחק זאב דמן - כי אנו עמך,משה דמן
משה פרץ - שתי טיפות אמא,משה פרץ 
נהוראי תורג'מן - מאמא דיאלי,נהוראי תורג'מן
נועם בנאי - אל מסתתר,נועם בנאי
נועם מיכאל - נסיעה ארוכה,נועם מיכאל
נחמן בוימל גדול השלום,נחמן בוימל
ניגון באבוב אם להקת פריילך,להקת פריילך
ניגוני יהודה (יניר קילינסקי) triste esta el rey david,יניר קילינסקי
ניסים בירדוגו משה לוי & חנניה ביגון - Chosen,ניסים בירדוגו
נמואל - ואתה אמרת,נמואל
נפתלי אברמסון,נפתלי
נתנאל & יהונתן מנת והיא שעמדה,יהונתן מנת
סט 2019  דיגי יאיר מצרפי (320  kbps) (vipman.xyz),דיגי יאיר מצרפי
מוטי גרינוואלד & מקהלת נגינה - מחרוזת ריקודים,מוטי גרינוואלד
אברהם יצחק  ילד,אברהם יצחק
אברהם פריד  בוקר טוב רבונו של עולם,אברהם פריד
אברהם פריד חיים ישראל בנצי שטיין  אל תיפול,חיים ישראל
אברומי סמט  אלקי נשמה,אברומי סמט
אהרון סיטבון  שיר חדש,אהרון סיטבון
אהרלה סמט בנצי קלצקין מלכות  רצה הקבה,אהרלה סמט
אהרלה סמט שלוימי גרטנר  מודה אני,אהרלה סמט
אופיר סלומון משה דוויק  ארוממך,אופיר סלומון
איצי וולדנר  אימתי,איצי וולדנר
אלי הרצליך  טועמיה,אלי הרצליך
אלימלך ברוינשטיין מקהלת שירה  רצוננו,אלימלך ברוינשטיין
ארי גולד  ימים טובים,ארי גולד
ארי היל  איכא בשוקא,ארי היל
ארי פרייזר  לכו נרננה,ארי פרייזר
אריאל זילבר  מזמור לתודה,אריאל זילבר
בנצי קלצקין מקהלת מלכות. חסידימלעך  מיינע תפילין,בנצי קלצקין
בנצי שטיין ישיבת ברקאי  אל תיפול,בנצי שטיין
בערי וועבער זאנוויל ויינברגר בנצי קלצקין מקהלת מלכות  ציון וירושלים,וועבער זאנוויל ויינברגר
דוד ברגר מקהלת שירה  ברוך הוא אלוקינו,דוד ברגר
דוד ברגר מקהלת שירה  זכרתי,דוד ברגר
דוד ברגר מקהלת שירה  ניגון אהבה רבה,דוד ברגר
דייויד טויב גיל ישראלוב  רק תודה,דייויד טויב
הראל טל  נפוגותי,הראל טל
הרב מנחם מנדל עמאר  ניגון התוועדות לר׳ שלום חריטונוב,מנחם מנדל עמאר
זאנוויל ויינברגר מקהלת שירה  בקולות וברקים,זאנוויל ויינברגר
זאנוויל ויינברגר מקהלת שירה מונה רוזנבלום  בקולות וברקים,מקהלת שירה
יאיר אנדה ותלמידי הישיבה לצעירים  ידידי רועי,יאיר אנדה
יחיאל גיניגר _ צבי ויוסף גיניגר  רחם,יחיאל גיניגר
יחיאל שראן  ברכת החודש,יחיאל שראן
יענקי אויש מנדי ברנדויין מקהלת נשמה מקהלת זינגערליך  פינקי’ס ניגונים,יענקי אויש
יעקב זינגר  כל הנשמה,יעקב זינגר
יעקב יוסף שטארק מקהלת לב  והאר עינינו,יעקב יוסף שטארק
יצחק מאיר אברהם בלטי  ניגון התבוננות,יצחק מאיר
יצחק מאיר הרב הלל פלאי  למחר,הלל פלאי
לייבי מושקוביץ הרשי רוטנברג מקהלת זמרו  אני מאמין,הרשי רוטנברג
מוטי אילוביץ_    אנדערש,מוטי אילוביץ
מוטי גולדמן מקהלת מלכות  אחת שאלתי,מוטי גולדמן
מוטי ויזל אהרלה סמט מנדי וייס מקלהת מלכות  אבות על בנים,אהרלה סמט
מוטי ויזל עוזיאל דייטש  והאר עינינו (פיטסבורג),מוטי ויזל
מוטי שטיינמץ  קלי אתה,מוטי שטיינמץ
מנדי וייס מקהלת מלכות  ברודער_ס,מנדי וייס
מנדי וייס שלומי מאיר  כבוד לתורה,שלומי מאיר
מקהלת ידידים מקהלת שיר ושבח  אשירה להשם,מקהלת ידידים
מקהלת שבח מקהלת נפשות ישראל  אפתח בכינור (סאסוב),מקהלת שבח
מקהלת שירה  לחיים,מקהלת שירה
מרדכי גוטליב  אל אדון,מרדכי גוטליב
משה דוד וייסמנדל מקהלת נשמה יענקי לנדאו  הכנה לקבלת התורה,דוד וייסמנדל
משה דוויק  כי אשמרה שבת,משה דוויק
נפתלי קמפה  גרש את העצבות (לייב),נפתלי קמפה
נפתלי קמפה בני הישיבות  מקום בגן עדן,נפתלי קמפה
עזרא גטנו  וקבצינו יחד,עזרא גטנו
עזרא גטנו  כי מלאכיו,עזרא גטנו
ר_ שלמה טויסיג  שטייגען,שלמה טויסיג
שלום למר מקהלת שירה  אמר רבי יוחנן,שלום למר
שלומי גרטנר  אשרי העם (לייב),שלומי גרטנר
שלומי גרטנר  מחרוזת זיץ (לייב),שלומי גרטנר
שמוליק ינקוביץ ארי וולפא  ניגון יב יג תמוז,ארי וולפא
שמוליק סוכות  קומזיץ,שמוליק סוכות
שמחה ליינר ברוך צ_ייט  מחרוזת צ_ייט,שמחה ליינר
